,timestamp,fx_rate,pct_change
0,2023-05-26 16:00:00,1.0717354054054056,0.0
1,2023-05-26 15:00:00,1.0706409999999997,-0.0010211526090172507
2,2023-05-26 14:00:00,1.0723741666666666,0.0016188121570785974
3,2023-05-26 13:00:00,1.0732168333333334,0.0007857953808101392
4,2023-05-26 12:00:00,1.0744610000000003,0.0011592873201613507
5,2023-05-26 11:00:00,1.0747128333333336,0.0002343810834763982
6,2023-05-26 10:00:00,1.0735474999999999,-0.0010843206642645598
7,2023-05-26 09:00:00,1.0732001666666666,-0.00032353792760286826
8,2023-05-26 08:00:00,1.0733715000000004,0.00015964713634541994
9,2023-05-26 07:00:00,1.073602,0.0002147439167143883
10,2023-05-26 06:00:00,1.0733703333333333,-0.0002157844961788724
11,2023-05-26 05:00:00,1.073901833333333,0.000495169265903872
12,2023-05-26 04:00:00,1.0739180000000002,1.5054138251091587e-05
13,2023-05-26 03:00:00,1.0736628333333333,-0.00023760349176271678
14,2023-05-26 02:00:00,1.0735078333333332,-0.00014436561943653725
15,2023-05-26 01:00:00,1.0727881666666665,-0.0006703879043267191
16,2023-05-26 00:00:00,1.0722948333333333,-0.00045986090139871205
17,2023-05-25 23:00:00,1.0725281355932201,0.00021757286581491897
18,2023-05-25 22:00:00,1.0725821666666666,5.037730167956056e-05
19,2023-05-25 21:00:00,1.0726082499999998,2.43182612427173e-05
20,2023-05-25 20:00:00,1.0723701754385961,-0.00022195854022533101
21,2023-05-25 19:00:00,1.071913166666667,-0.00042616699195519026
22,2023-05-25 18:00:00,1.0723796666666667,0.0004352031624448305
23,2023-05-25 17:00:00,1.0722176666666665,-0.00015106590047886392
24,2023-05-25 16:00:00,1.0716677966101693,-0.0005128343559257509
25,2023-05-25 15:00:00,1.0724351666666663,0.0007160521748663662
26,2023-05-25 14:00:00,1.0726321666666665,0.00018369408811214072
27,2023-05-25 13:00:00,1.0717361666666665,-0.0008353282959846497
28,2023-05-25 12:00:00,1.0726271186440675,0.0008313165171722758
29,2023-05-25 11:00:00,1.0726823333333333,5.147612651779099e-05
30,2023-05-25 10:00:00,1.0727098333333334,2.5636667208450703e-05
31,2023-05-25 09:00:00,1.0730681666666666,0.00033404497861244664
32,2023-05-25 08:00:00,1.0727939999999998,-0.0002554979032864946
33,2023-05-25 07:00:00,1.0722046666666667,-0.0005493443599918768
34,2023-05-25 06:00:00,1.0735418333333329,0.0012471188647436016
35,2023-05-25 05:00:00,1.0736511666666666,0.00010184357044962233
36,2023-05-25 04:00:00,1.0737095000000003,5.43317374812613e-05
37,2023-05-25 03:00:00,1.0739171666666663,0.00019341047710375037
38,2023-05-25 02:00:00,1.0742931666666669,0.0003501201132372067
39,2023-05-25 01:00:00,1.0745273333333334,0.00021797277869040066
40,2023-05-25 00:00:00,1.0750001666666664,0.000440038441708257
41,2023-05-24 23:00:00,1.075491,0.00045658907649803737
42,2023-05-24 22:00:00,1.0750655932203388,-0.0003955465732964347
43,2023-05-24 21:00:00,1.0751554,8.353609326494649e-05
44,2023-05-24 20:00:00,1.075124137931034,-2.9076791100313137e-05
45,2023-05-24 19:00:00,1.075386101694915,0.00024365908515955326
46,2023-05-24 18:00:00,1.0760665000000003,0.0006327014120908192
47,2023-05-24 17:00:00,1.0759386666666664,-0.0001187968711356957
48,2023-05-24 16:00:00,1.0755623333333333,-0.0003497721059686487
49,2023-05-24 15:00:00,1.075916333333334,0.000329130157341595
50,2023-05-24 14:00:00,1.0766950000000002,0.0007237241805353456
51,2023-05-24 13:00:00,1.0784163333333339,0.001598719538340676
52,2023-05-24 12:00:00,1.0788628333333332,0.00041403304660581064
53,2023-05-24 11:00:00,1.076742333333333,-0.001965495459185007
54,2023-05-24 10:00:00,1.075531,-0.0011249983360299698
55,2023-05-24 09:00:00,1.0778096666666668,0.002118643411177068
56,2023-05-24 08:00:00,1.0782741666666662,0.00043096663016206627
57,2023-05-24 07:00:00,1.0779106666666667,-0.00033711277821224517
58,2023-05-24 06:00:00,1.0784258333333332,0.000477930762351253
59,2023-05-24 05:00:00,1.0781319999999999,-0.0002724650358431058
60,2023-05-24 04:00:00,1.0779141666666667,-0.00020204699733716858
61,2023-05-24 03:00:00,1.0777548333333336,-0.00014781634592098136
62,2023-05-24 02:00:00,1.0773540000000001,-0.0003719151340696447
63,2023-05-24 01:00:00,1.077162,-0.00017821440306542424
64,2023-05-24 00:00:00,1.0771951666666668,3.079078789158807e-05
65,2023-05-23 23:00:00,1.077100338983051,-8.803203593021891e-05
66,2023-05-23 22:00:00,1.0772225000000002,0.00011341656160346325
67,2023-05-23 21:00:00,1.0772814000000002,5.467765480204889e-05
68,2023-05-23 20:00:00,1.0769886206896548,-0.00027177607479844657
69,2023-05-23 19:00:00,1.077150666666667,0.0001504621069332579
70,2023-05-23 18:00:00,1.077800333333333,0.0006031344423491625
71,2023-05-23 17:00:00,1.0773611666666667,-0.0004074656994288439
72,2023-05-23 16:00:00,1.0765623333333336,-0.0007414721804059887
73,2023-05-23 15:00:00,1.0775894915254238,0.0009541093537146494
74,2023-05-23 14:00:00,1.078617,0.0009535249579333271
75,2023-05-23 13:00:00,1.0774188333333332,-0.001110836067544585
76,2023-05-23 12:00:00,1.0774021666666669,-1.5469069363449606e-05
77,2023-05-23 11:00:00,1.0779359999999998,0.0004954819563658397
78,2023-05-23 10:00:00,1.0775341666666665,-0.0003727803258573026
79,2023-05-23 09:00:00,1.0790904999999997,0.0014443470856684293
80,2023-05-23 08:00:00,1.0800550000000002,0.0008938082579732498
81,2023-05-23 07:00:00,1.079739666666667,-0.0002919604402861209
82,2023-05-23 06:00:00,1.0808765000000002,0.0010528772522018226
83,2023-05-23 05:00:00,1.0805498333333332,-0.0003022238587544468
84,2023-05-23 04:00:00,1.0808484999999994,0.00027640249200255873
85,2023-05-23 03:00:00,1.0806821666666666,-0.00015389144115274256
86,2023-05-23 02:00:00,1.0806316666666667,-4.672974308039812e-05
87,2023-05-23 01:00:00,1.0808471666666664,0.00019942040072207234
88,2023-05-23 00:00:00,1.081627666666667,0.0007221187454353739
89,2023-05-22 23:00:00,1.0809968333333329,-0.0005832259591495026
90,2023-05-22 22:00:00,1.0813815517241383,0.0003558922458812841
91,2023-05-22 21:00:00,1.0813815384615384,-1.2264496196401353e-08
92,2023-05-22 20:00:00,1.081263559322034,-0.00010910038252742726
93,2023-05-22 19:00:00,1.0815420000000002,0.00025751416069241806
94,2023-05-22 18:00:00,1.0817717241379314,0.00021240426902635612
95,2023-05-22 17:00:00,1.0812835000000003,-0.0004513190047745752
96,2023-05-22 16:00:00,1.0811418333333336,-0.00013101713534580117
97,2023-05-22 15:00:00,1.0801841666666665,-0.0008857918888537375
98,2023-05-22 14:00:00,1.0809623333333334,0.0007204018450559513
99,2023-05-22 13:00:00,1.0814323333333336,0.00043479775891075434
100,2023-05-22 12:00:00,1.082341,0.0008402436644978639
101,2023-05-22 11:00:00,1.081781333333333,-0.0005170890381746007
102,2023-05-22 10:00:00,1.0823509999999998,0.0005266005699242626
103,2023-05-22 09:00:00,1.0817634999999999,-0.0005427998865432659
104,2023-05-22 08:00:00,1.0805603333333333,-0.0011122270872205853
105,2023-05-22 07:00:00,1.0805071666666668,-4.920286727772005e-05
106,2023-05-22 06:00:00,1.0817038333333333,0.0011075046085609053
107,2023-05-22 05:00:00,1.0815643333333333,-0.00012896321127942034
108,2023-05-22 04:00:00,1.082145666666667,0.0005374930694523883
109,2023-05-22 03:00:00,1.082249,9.548930103964182e-05
110,2023-05-22 02:00:00,1.0821686666666666,-7.42281428151026e-05
111,2023-05-22 01:00:00,1.0825483333333332,0.00035083871707008996
112,2023-05-22 00:00:00,1.0820299999999998,-0.0004788084904601142
113,2023-05-21 23:00:00,1.0820888333333332,5.4373107338356874e-05
114,2023-05-21 22:00:00,1.0816073684210528,-0.00044494028350450243
115,2023-05-21 21:00:00,1.0807814705882355,-0.0007635837707198334
116,2023-05-19 20:00:00,1.0805796610169491,-0.00018672560251842274
117,2023-05-19 19:00:00,1.0803435000000001,-0.00021855030727369051
118,2023-05-19 18:00:00,1.0812896666666665,0.0008758016933192447
119,2023-05-19 17:00:00,1.0821956666666668,0.000837888336428172
120,2023-05-19 16:00:00,1.081728166666667,-0.0004319921197243337
121,2023-05-19 15:00:00,1.0808213333333332,-0.0008383190539709151
122,2023-05-19 14:00:00,1.0790395000000002,-0.0016485919350219813
123,2023-05-19 13:00:00,1.0796911666666662,0.000603932169921606
124,2023-05-19 12:00:00,1.0811108333333335,0.001314882172325449
125,2023-05-19 11:00:00,1.0798306666666664,-0.0011841215786544401
126,2023-05-19 10:00:00,1.0794675,-0.00033631816346479937
127,2023-05-19 09:00:00,1.0794728333333337,4.9407076485596946e-06
128,2023-05-19 08:00:00,1.0782775,-0.001107330630677028
129,2023-05-19 07:00:00,1.0781109999999998,-0.00015441294101026237
130,2023-05-19 06:00:00,1.0781973333333328,8.007833454337643e-05
131,2023-05-19 05:00:00,1.076477333333333,-0.0015952552903114592
132,2023-05-19 04:00:00,1.0764606666666663,-1.5482598797689207e-05
133,2023-05-19 03:00:00,1.076896666666667,0.00040503105547817775
134,2023-05-19 02:00:00,1.076517333333333,-0.00035224673367051373
135,2023-05-19 01:00:00,1.0766935,0.00016364498853116416
136,2023-05-19 00:00:00,1.0776363333333336,0.0008756747703348999
137,2023-05-18 23:00:00,1.0775443103448274,-8.539336106228035e-05
138,2023-05-18 22:00:00,1.077530172413793,-1.3120510125474993e-05
139,2023-05-18 21:00:00,1.0770986363636363,-0.00040048627983180207
140,2023-05-18 20:00:00,1.0772931578947371,0.00018059769507972057
141,2023-05-18 19:00:00,1.0769971666666665,-0.00027475457901271483
142,2023-05-18 18:00:00,1.0766472413793104,-0.000324908271058022
143,2023-05-18 17:00:00,1.0764515000000001,-0.00018180641884113502
144,2023-05-18 16:00:00,1.0769283333333335,0.00044296778195151987
145,2023-05-18 15:00:00,1.0771546666666667,0.00021016564085818423
146,2023-05-18 14:00:00,1.0778009999999998,0.0006000376300028254
147,2023-05-18 13:00:00,1.078633666666667,0.0007725606736932455
148,2023-05-18 12:00:00,1.0803298333333335,0.0015725141158520195
149,2023-05-18 11:00:00,1.081375166666667,0.0009676057265846083
150,2023-05-18 10:00:00,1.0811978333333332,-0.00016398872361800265
151,2023-05-18 09:00:00,1.0815643333333336,0.0003389758920164798
152,2023-05-18 08:00:00,1.0817371666666666,0.00015979940166888085
153,2023-05-18 07:00:00,1.0823494999999999,0.0005660648003988911
154,2023-05-18 06:00:00,1.0829665000000002,0.00057005616023309
155,2023-05-18 05:00:00,1.0832078333333337,0.00022284468940969582
156,2023-05-18 04:00:00,1.0836391379310346,0.0003981734478171184
157,2023-05-18 03:00:00,1.0842067796610173,0.0005238291144287199
158,2023-05-18 02:00:00,1.0845629999999997,0.00032855387520625
159,2023-05-18 01:00:00,1.0842758333333333,-0.0002647763815162296
160,2023-05-18 00:00:00,1.0838770000000002,-0.0003678338307209206
161,2023-05-17 23:00:00,1.0837267241379307,-0.0001386466011082943
162,2023-05-17 22:00:00,1.0841064999999999,0.0003504350807361778
163,2023-05-17 21:00:00,1.0841252631578946,1.7307485837170233e-05
164,2023-05-17 20:00:00,1.083813448275862,-0.0002876188689897585
165,2023-05-17 19:00:00,1.0840584999999998,0.00022610138721534945
166,2023-05-17 18:00:00,1.0839608333333337,-9.00935389244184e-05
167,2023-05-17 17:00:00,1.0844408474576273,0.00044283345812168307
168,2023-05-17 16:00:00,1.0836588333333332,-0.0007211219737133234
169,2023-05-17 15:00:00,1.0827076666666668,-0.0008777362740084449
170,2023-05-17 14:00:00,1.0822448333333334,-0.00042747765401751625
171,2023-05-17 13:00:00,1.0827205084745763,0.00043952636833366476
172,2023-05-17 12:00:00,1.0825601666666667,-0.00014809159580397857
173,2023-05-17 11:00:00,1.0834608333333333,0.0008319783919630286
174,2023-05-17 10:00:00,1.0829046666666666,-0.0005133242010748607
175,2023-05-17 09:00:00,1.0827651666666667,-0.00012882020393301108
176,2023-05-17 08:00:00,1.0838783333333335,0.001028077648723924
177,2023-05-17 07:00:00,1.0846555,0.000717023897208513
178,2023-05-17 06:00:00,1.0856843333333333,0.0009485346576247888
179,2023-05-17 05:00:00,1.0861205,0.0004017435393284252
180,2023-05-17 04:00:00,1.0865281666666666,0.0003753420238974403
181,2023-05-17 03:00:00,1.0868163333333338,0.0002652178521531656
182,2023-05-17 02:00:00,1.0871089999999997,0.0002692880643118123
183,2023-05-17 01:00:00,1.0868053333333338,-0.00027933414833825054
184,2023-05-17 00:00:00,1.0867535000000001,-4.769330048715048e-05
185,2023-05-16 23:00:00,1.0863640677966107,-0.0003583445587149736
186,2023-05-16 22:00:00,1.0862410000000002,-0.00011328411925481952
187,2023-05-16 21:00:00,1.0863326530612247,8.437635959657186e-05
188,2023-05-16 20:00:00,1.086209482758621,-0.00011338175489483682
189,2023-05-16 19:00:00,1.0865573333333336,0.0003202426237609579
190,2023-05-16 18:00:00,1.0867325,0.00016121253917567024
191,2023-05-16 17:00:00,1.0866541666666665,-7.208152266879875e-05
192,2023-05-16 16:00:00,1.0866890000000002,3.205558346186521e-05
193,2023-05-16 15:00:00,1.0860876666666666,-0.000553362860334139
194,2023-05-16 14:00:00,1.0867460000000002,0.0006061511916015672
195,2023-05-16 13:00:00,1.0881263333333335,0.0012701526698357668
196,2023-05-16 12:00:00,1.088042372881356,-7.716057355244832e-05
197,2023-05-16 11:00:00,1.0892294999999996,0.0010910669917201243
198,2023-05-16 10:00:00,1.0893591666666669,0.00011904439483800822
199,2023-05-16 09:00:00,1.0897263333333336,0.00033704831051295514
200,2023-05-16 08:00:00,1.0893033333333335,-0.0003881708526820571
201,2023-05-16 07:00:00,1.0883051666666668,-0.0009163349051841685
202,2023-05-16 06:00:00,1.0869471666666664,-0.0012478117733831784
203,2023-05-16 05:00:00,1.0876681355932198,0.0006632971212063854
204,2023-05-16 04:00:00,1.0882004999999997,0.0004894548156360035
205,2023-05-16 03:00:00,1.0882478333333334,4.349688622062864e-05
206,2023-05-16 02:00:00,1.087651,-0.0005484351220855777
207,2023-05-16 01:00:00,1.087822,0.00015721954928560322
208,2023-05-16 00:00:00,1.087815666666667,-5.8220309325784925e-06
209,2023-05-15 23:00:00,1.0874757627118645,-0.0003124646621830429
210,2023-05-15 22:00:00,1.0875796296296296,9.551193812917802e-05
211,2023-05-15 21:00:00,1.0874413725490197,-0.00012712363935774018
212,2023-05-15 20:00:00,1.0874591228070178,1.632295629550029e-05
213,2023-05-15 19:00:00,1.0875458333333332,7.973681446671321e-05
214,2023-05-15 18:00:00,1.0875664999999999,1.9003030523601083e-05
215,2023-05-15 17:00:00,1.0876985,0.00012137188852356928
216,2023-05-15 16:00:00,1.0871701666666667,-0.0004857350941765981
217,2023-05-15 15:00:00,1.0871545,-1.4410500901340662e-05
218,2023-05-15 14:00:00,1.0873163333333333,0.0001488595533876147
219,2023-05-15 13:00:00,1.087804,0.0004485048662625779
220,2023-05-15 12:00:00,1.0877805,-2.160315645094446e-05
221,2023-05-15 11:00:00,1.087636666666667,-0.0001322264310980037
222,2023-05-15 10:00:00,1.0872765000000002,-0.00033114612416540457
223,2023-05-15 09:00:00,1.0863143333333336,-0.0008849328268076828
224,2023-05-15 08:00:00,1.087463666666667,0.0010580117541179046
225,2023-05-15 07:00:00,1.0871698333333335,-0.00027020059827309595
226,2023-05-15 06:00:00,1.0866451666666668,-0.0004825986249619163
227,2023-05-15 05:00:00,1.0865775,-6.227117070278787e-05
228,2023-05-15 04:00:00,1.0860210169491522,-0.0005121429910409647
229,2023-05-15 03:00:00,1.085961525423729,-5.477935002617951e-05
230,2023-05-15 02:00:00,1.0857769999999998,-0.000169918933046187
231,2023-05-15 01:00:00,1.0858945,0.00010821743323008448
232,2023-05-15 00:00:00,1.0851818333333336,-0.0006562945725080427
233,2023-05-14 23:00:00,1.0851443333333335,-3.4556420729026094e-05
234,2023-05-14 22:00:00,1.0850848333333334,-5.4831415667422334e-05
235,2023-05-14 21:00:00,1.0854795652173908,0.0003637797450775082
236,2023-05-12 20:00:00,1.0850099999999998,-0.0004325878003027528
237,2023-05-12 19:00:00,1.085301,0.00026820029308516347
238,2023-05-12 18:00:00,1.0851386666666665,-0.00014957448056673872
239,2023-05-12 17:00:00,1.0853945000000003,0.0002357609595828869
240,2023-05-12 16:00:00,1.0852776666666666,-0.0001076413537508536
241,2023-05-12 15:00:00,1.0860005,0.0006660353894072379
242,2023-05-12 14:00:00,1.0878943333333335,0.0017438604616972775
243,2023-05-12 13:00:00,1.0887746666666667,0.0008092084923687626
244,2023-05-12 12:00:00,1.0888593333333332,7.776325924790939e-05
245,2023-05-12 11:00:00,1.0896670000000002,0.0007417548272230512
246,2023-05-12 10:00:00,1.091033666666667,0.0012542057955933217
247,2023-05-12 09:00:00,1.0907946666666666,-0.00021905831809065912
248,2023-05-12 08:00:00,1.0909783333333334,0.0001683787721735719
249,2023-05-12 07:00:00,1.0927596666666666,0.0016327852523803088
250,2023-05-12 06:00:00,1.0927166666666668,-3.9349915000985725e-05
251,2023-05-12 05:00:00,1.0926408333333337,-6.939889876889094e-05
252,2023-05-12 04:00:00,1.0924291666666668,-0.00019372026031760914
253,2023-05-12 03:00:00,1.0919096666666668,-0.00047554570662478035
254,2023-05-12 02:00:00,1.0921889999999999,0.0002558209180305582
255,2023-05-12 01:00:00,1.0920398333333332,-0.00013657587346749267
256,2023-05-12 00:00:00,1.091759666666667,-0.00025655352315412383
257,2023-05-11 23:00:00,1.0914853448275863,-0.00025126577529477334
258,2023-05-11 22:00:00,1.0916905084745763,0.00018796738587667505
259,2023-05-11 21:00:00,1.0917556000000004,5.9624522626977594e-05
260,2023-05-11 20:00:00,1.0915831578947366,-0.00015794936638180435
261,2023-05-11 19:00:00,1.0918883050847459,0.0002795455277981862
262,2023-05-11 18:00:00,1.0915163333333333,-0.00034066831715329204
263,2023-05-11 17:00:00,1.091776333333333,0.00023820074153690918
264,2023-05-11 16:00:00,1.0924908333333334,0.0006544380732442789
265,2023-05-11 15:00:00,1.0914885000000003,-0.0009174752801127672
266,2023-05-11 14:00:00,1.0910535,-0.00039853832633185426
267,2023-05-11 13:00:00,1.0916485000000002,0.0005453444766918558
268,2023-05-11 12:00:00,1.0935086666666665,0.0017039978222535002
269,2023-05-11 11:00:00,1.092959833333333,-0.0005019012194996675
270,2023-05-11 10:00:00,1.092387166666667,-0.0005239594806696335
271,2023-05-11 09:00:00,1.0928974999999999,0.0004671725821259187
272,2023-05-11 08:00:00,1.0929681666666664,6.465992159965239e-05
273,2023-05-11 07:00:00,1.0931318333333333,0.00014974513591381466
274,2023-05-11 06:00:00,1.0961156666666667,0.0027296189190966214
275,2023-05-11 05:00:00,1.0978780000000001,0.001607798690345108
276,2023-05-11 04:00:00,1.0973601666666668,-0.0004716674651767949
277,2023-05-11 03:00:00,1.0977353333333333,0.00034188106882537816
278,2023-05-11 02:00:00,1.097893,0.00014362903504983038
279,2023-05-11 01:00:00,1.0990485,0.0010524705048671201
280,2023-05-11 00:00:00,1.0986551666666664,-0.0003578853283850991
281,2023-05-10 23:00:00,1.0984718333333334,-0.00016687067871279382
282,2023-05-10 22:00:00,1.0984349122807016,-3.361128752821241e-05
283,2023-05-10 21:00:00,1.098282765957447,-0.00013851191504710147
284,2023-05-10 20:00:00,1.0982860344827592,2.9760325970240586e-06
285,2023-05-10 19:00:00,1.098162372881356,-0.0001125950777124407
286,2023-05-10 18:00:00,1.0974268333333335,-0.0006697912496242964
287,2023-05-10 17:00:00,1.0967133333333332,-0.0006501572390326116
288,2023-05-10 16:00:00,1.0970705,0.0003256700322784578
289,2023-05-10 15:00:00,1.0974346666666668,0.0003319446349772104
290,2023-05-10 14:00:00,1.0982689999999997,0.000760257861970981
291,2023-05-10 13:00:00,1.0986919999999998,0.00038515154301910215
292,2023-05-10 12:00:00,1.0969355,-0.001598719204289889
293,2023-05-10 11:00:00,1.0949491666666669,-0.001810802306364545
294,2023-05-10 10:00:00,1.0955808333333332,0.000576891316872219
295,2023-05-10 09:00:00,1.0953743333333332,-0.00018848449490638242
296,2023-05-10 08:00:00,1.0956719999999998,0.00027174880550706604
297,2023-05-10 07:00:00,1.0975419999999998,0.0017067151483292076
298,2023-05-10 06:00:00,1.0970211666666667,-0.00047454524139678433
299,2023-05-10 05:00:00,1.0967441666666666,-0.0002525019647904303
300,2023-05-10 04:00:00,1.0975113333333335,0.0006994946405765035
301,2023-05-10 03:00:00,1.097547666666667,3.310520103982917e-05
302,2023-05-10 02:00:00,1.0972843333333333,-0.0002399288352855633
303,2023-05-10 01:00:00,1.097151,-0.00012151210883348806
304,2023-05-10 00:00:00,1.0969315000000002,-0.00020006361931934613
305,2023-05-09 23:00:00,1.0966077966101693,-0.0002950990010140986
306,2023-05-09 22:00:00,1.0964744067796612,-0.0001216385939625253
307,2023-05-09 21:00:00,1.0963917307692304,-7.540167825137445e-05
308,2023-05-09 20:00:00,1.096224909090909,-0.00015215517742384055
309,2023-05-09 19:00:00,1.0966177586206896,0.0003583658120906996
310,2023-05-09 18:00:00,1.0967606666666667,0.00013031709987698648
311,2023-05-09 17:00:00,1.0960196666666664,-0.0006756259797795483
312,2023-05-09 16:00:00,1.095591833333333,-0.0003903518762894409
313,2023-05-09 15:00:00,1.0955741666666665,-1.6125226684704508e-05
314,2023-05-09 14:00:00,1.0959403333333335,0.00033422353119294534
315,2023-05-09 13:00:00,1.0950273333333334,-0.0008330745499832704
316,2023-05-09 12:00:00,1.0960290000000001,0.0009147412454242332
317,2023-05-09 11:00:00,1.0971666666666666,0.001037989566577524
318,2023-05-09 10:00:00,1.0980735000000001,0.0008265228619173115
319,2023-05-09 09:00:00,1.098161666666667,8.0292135878679e-05
320,2023-05-09 08:00:00,1.0978126666666665,-0.0003178038449108689
321,2023-05-09 07:00:00,1.0984363333333331,0.0005680993539274315
322,2023-05-09 06:00:00,1.0995325000000002,0.0009979337294321322
323,2023-05-09 05:00:00,1.0990794999999995,-0.0004119932789623526
324,2023-05-09 04:00:00,1.0992761666666664,0.00017893761703935418
325,2023-05-09 03:00:00,1.099026,-0.000227573993007546
326,2023-05-09 02:00:00,1.0989768333333332,-4.473658190695673e-05
327,2023-05-09 01:00:00,1.0991041666666665,0.00011586534808660787
328,2023-05-09 00:00:00,1.0988525,-0.0002289743541140643
329,2023-05-08 23:00:00,1.0998589655172413,0.0009159241274341312
330,2023-05-08 22:00:00,1.1002570000000007,0.0003618959296043389
331,2023-05-08 21:00:00,1.1004410638297872,0.00016729166893414416
332,2023-05-08 20:00:00,1.1003063793103451,-0.000122391397294197
333,2023-05-08 19:00:00,1.100450666666667,0.00013113379967144567
334,2023-05-08 18:00:00,1.1008265,0.00034152674419418716
335,2023-05-08 17:00:00,1.1022359999999998,0.001280401589169422
336,2023-05-08 16:00:00,1.102549,0.00028396822459098026
337,2023-05-08 15:00:00,1.101817,-0.0006639160708503677
338,2023-05-08 14:00:00,1.1026721666666668,0.0007761421966321347
339,2023-05-08 13:00:00,1.1039721666666666,0.0011789542162197186
340,2023-05-08 12:00:00,1.103686333333333,-0.0002589135323914915
341,2023-05-08 11:00:00,1.1045003333333334,0.0007375283859336612
342,2023-05-08 10:00:00,1.1044535000000002,-4.240228085028441e-05
343,2023-05-08 09:00:00,1.1031673333333336,-0.0011645276751502953
344,2023-05-08 08:00:00,1.1048248333333333,0.0015024919157018424
345,2023-05-08 07:00:00,1.1046208333333338,-0.0001846446548309233
346,2023-05-08 06:00:00,1.1044358333333335,-0.00016747828251806318
347,2023-05-08 05:00:00,1.1041036666666668,-0.0003007568720984066
348,2023-05-08 04:00:00,1.1041126666666667,8.151408487755418e-06
349,2023-05-08 03:00:00,1.1036956666666669,-0.00037767884799189133
350,2023-05-08 02:00:00,1.1032291666666665,-0.0004226708630733489
351,2023-05-08 01:00:00,1.1025040000000002,-0.000657312812765265
352,2023-05-08 00:00:00,1.1022038333333335,-0.0002722590273293024
353,2023-05-07 23:00:00,1.1018881666666664,-0.00028639590710943796
354,2023-05-07 22:00:00,1.1018291666666664,-5.354445377026007e-05
355,2023-05-07 21:00:00,1.1021626829268296,0.0003026932579504038
356,2023-05-05 20:00:00,1.1018659649122808,-0.0002692143538745029
357,2023-05-05 19:00:00,1.1022656666666673,0.00036274988711371137
358,2023-05-05 18:00:00,1.1018468333333333,-0.0003799749425204002
359,2023-05-05 17:00:00,1.1022725,0.00038632108727765235
360,2023-05-05 16:00:00,1.102608,0.0003043711967776197
361,2023-05-05 15:00:00,1.1018836666666667,-0.0006569273334977588
362,2023-05-05 14:00:00,1.0998694999999998,-0.0018279304137068797
363,2023-05-05 13:00:00,1.0986336666666665,-0.0011236181504563625
364,2023-05-05 12:00:00,1.0996865,0.0009583115512270535
365,2023-05-05 11:00:00,1.1018906666666666,0.002004359121137389
366,2023-05-05 10:00:00,1.1026619999999998,0.0007000089543063304
367,2023-05-05 09:00:00,1.102756,8.524824470268477e-05
368,2023-05-05 08:00:00,1.1027550000000004,-9.068189152916517e-07
369,2023-05-05 07:00:00,1.103571525423729,0.0007404413706839641
370,2023-05-05 06:00:00,1.1036861666666666,0.00010388202331834684
371,2023-05-05 05:00:00,1.1042941666666666,0.0005508812363175242
372,2023-05-05 04:00:00,1.1042956666666663,1.3583337166167553e-06
373,2023-05-05 03:00:00,1.1038735,-0.00038229495904906763
374,2023-05-05 02:00:00,1.1032091666666666,-0.000601820166290179
375,2023-05-05 01:00:00,1.103284,6.783240712127103e-05
376,2023-05-05 00:00:00,1.1022826666666667,-0.0009075934513083084
377,2023-05-04 23:00:00,1.1022211666666664,-5.5793311334872975e-05
378,2023-05-04 22:00:00,1.101526779661017,-0.0006299888140863796
379,2023-05-04 21:00:00,1.1013414000000001,-0.00016829337646606657
380,2023-05-04 20:00:00,1.1013917543859644,4.572095988053526e-05
381,2023-05-04 19:00:00,1.1016168333333338,0.00020435866391155244
382,2023-05-04 18:00:00,1.1014511666666669,-0.00015038501741637678
383,2023-05-04 17:00:00,1.1026288333333332,0.0010691955324995117
384,2023-05-04 16:00:00,1.1022629999999998,-0.0003317828468419881
385,2023-05-04 15:00:00,1.1003405000000002,-0.0017441391029179298
386,2023-05-04 14:00:00,1.1016606666666668,0.0011997801286662835
387,2023-05-04 13:00:00,1.1031673333333332,0.0013676322594189383
388,2023-05-04 12:00:00,1.1041285000000003,0.000871279122962143
389,2023-05-04 11:00:00,1.1067174999999996,0.002344835768662179
390,2023-05-04 10:00:00,1.1054784999999998,-0.001119526889201361
391,2023-05-04 09:00:00,1.1047968333333336,-0.0006166258924675816
392,2023-05-04 08:00:00,1.1048753333333332,7.105378801885998e-05
393,2023-05-04 07:00:00,1.1065306666666668,0.0014982082443089073
394,2023-05-04 06:00:00,1.1081646666666667,0.0014766874965357335
395,2023-05-04 05:00:00,1.1083826666666665,0.00019672166651507617
396,2023-05-04 04:00:00,1.1082809999999996,-9.172524050082842e-05
397,2023-05-04 03:00:00,1.108297,1.4436771902159862e-05
398,2023-05-04 02:00:00,1.1083541666666663,5.1580638282144875e-05
399,2023-05-04 01:00:00,1.1078229999999996,-0.00047923911204683645
400,2023-05-04 00:00:00,1.1079153333333336,8.334664773523848e-05
401,2023-05-03 23:00:00,1.1069110000000004,-0.000906507296285386
402,2023-05-03 22:00:00,1.1071973333333334,0.0002586778280575519
403,2023-05-03 21:00:00,1.1062769090909088,-0.0008313100246127858
404,2023-05-03 20:00:00,1.1055752542372885,-0.0006342488466082319
405,2023-05-03 19:00:00,1.1050168333333332,-0.0005050953354962529
406,2023-05-03 18:00:00,1.1059919999999999,0.0008824903270703288
407,2023-05-03 17:00:00,1.1047728333333333,-0.0011023286485495332
408,2023-05-03 16:00:00,1.1049049152542376,0.00011955572848920681
409,2023-05-03 15:00:00,1.1053724999999999,0.00042319003138358013
410,2023-05-03 14:00:00,1.1047201666666664,-0.0005901479667111964
411,2023-05-03 13:00:00,1.1037026666666667,-0.0009210477283762009
412,2023-05-03 12:00:00,1.103730833333333,2.5520158206671084e-05
413,2023-05-03 11:00:00,1.1036973333333335,-3.0351602934186594e-05
414,2023-05-03 10:00:00,1.1035103333333334,-0.00016943050812257
415,2023-05-03 09:00:00,1.1041725,0.0006000547948350476
416,2023-05-03 08:00:00,1.1040006666666669,-0.0001556218193562442
417,2023-05-03 07:00:00,1.1033971666666664,-0.0005466482206234469
418,2023-05-03 06:00:00,1.1022400000000003,-0.0010487308664764994
419,2023-05-03 05:00:00,1.1022455,4.989838873203922e-06
420,2023-05-03 04:00:00,1.102525762711864,0.00025426523570670767
421,2023-05-03 03:00:00,1.102736,0.00019068696192525714
422,2023-05-03 02:00:00,1.1022843333333334,-0.00040958730527207443
423,2023-05-03 01:00:00,1.1018118333333333,-0.0004286552804132482
424,2023-05-03 00:00:00,1.1012825,-0.0004804208099054019
425,2023-05-02 23:00:00,1.1010925,-0.00017252612295204361
426,2023-05-02 22:00:00,1.1004120338983052,-0.0006179917688067249
427,2023-05-02 21:00:00,1.1002164285714287,-0.00017775644108841693
428,2023-05-02 20:00:00,1.1002231034482755,6.066876183208336e-06
429,2023-05-02 19:00:00,1.1004120000000002,0.00017168931567845824
430,2023-05-02 18:00:00,1.0999601666666667,-0.0004106037859760159
431,2023-05-02 17:00:00,1.09994,-1.8333997246378075e-05
432,2023-05-02 16:00:00,1.0998788333333331,-5.5609093829511735e-05
433,2023-05-02 15:00:00,1.0986613333333335,-0.0011069401129485401
434,2023-05-02 14:00:00,1.0971623333333331,-0.0013643876912027286
435,2023-05-02 13:00:00,1.0953486666666667,-0.0016530522526746472
436,2023-05-02 12:00:00,1.0964953333333334,0.001046850835320079
437,2023-05-02 11:00:00,1.096843833333334,0.00031783081004199687
438,2023-05-02 10:00:00,1.0953946666666667,-0.0013212151289241358
439,2023-05-02 09:00:00,1.0962635,0.0007931692199827367
440,2023-05-02 08:00:00,1.097233,0.0008843676725529548
441,2023-05-02 07:00:00,1.0997464999999997,0.0022907623084611473
442,2023-05-02 06:00:00,1.098848333333333,-0.00081670336451789
443,2023-05-02 05:00:00,1.0987726666666666,-6.885997309280523e-05
444,2023-05-02 04:00:00,1.098351,-0.00038376151815433523
445,2023-05-02 03:00:00,1.0986278333333337,0.00025204450429194836
446,2023-05-02 02:00:00,1.0988596666666668,0.00021102080822910096
447,2023-05-02 01:00:00,1.0988696666666664,9.100343112855569e-06
448,2023-05-02 00:00:00,1.0976178333333335,-0.0011392009182765728
449,2023-05-01 23:00:00,1.0970811666666667,-0.0004889376341827845
450,2023-05-01 22:00:00,1.0975008620689652,0.00038255638238116063
451,2023-05-01 21:00:00,1.0974725531914893,-2.57939455488021e-05
452,2023-05-01 20:00:00,1.0974479310344825,-2.2435328277836675e-05
453,2023-05-01 19:00:00,1.0968486666666664,-0.0005460526653425779
454,2023-05-01 18:00:00,1.0972571666666664,0.00037243059358549324
455,2023-05-01 17:00:00,1.0969313333333337,-0.0002969525679403784
456,2023-05-01 16:00:00,1.0967520000000002,-0.00016348638049068498
457,2023-05-01 15:00:00,1.0971128333333335,0.0003290017554864466
458,2023-05-01 14:00:00,1.0990366666666664,0.0017535419100767058
459,2023-05-01 13:00:00,1.102527833333333,0.0031765697838408435
460,2023-05-01 12:00:00,1.1019775,-0.0004991559547926627
461,2023-05-01 11:00:00,1.101015833333333,-0.0008726735951205544
462,2023-05-01 10:00:00,1.1003764999999999,-0.0005806758758387653
463,2023-05-01 09:00:00,1.0998651666666666,-0.0004646894343284247
464,2023-05-01 08:00:00,1.0996248333333336,-0.00021851163271346952
465,2023-05-01 07:00:00,1.1001163333333333,0.0004469706258904971
466,2023-05-01 06:00:00,1.1000441666666667,-6.55991230017472e-05
467,2023-05-01 05:00:00,1.100523833333333,0.00043604309826905663
468,2023-05-01 04:00:00,1.1010179999999998,0.00044902859138473694
469,2023-05-01 03:00:00,1.1010134999999999,-4.087126640905936e-06
470,2023-05-01 02:00:00,1.100412,-0.0005463148272023544
471,2023-05-01 01:00:00,1.100489322033898,7.026644011332017e-05
472,2023-05-01 00:00:00,1.100914,0.0003858992155572061
473,2023-04-30 23:00:00,1.1011393333333332,0.00020467841569216105
474,2023-04-30 22:00:00,1.1014145,0.00024989268690789324
475,2023-04-30 21:00:00,1.1021092000000001,0.0006307343874627502
476,2023-04-28 20:00:00,1.1017098275862072,-0.00036237100079827833
477,2023-04-28 19:00:00,1.1017735,5.779417792095565e-05
478,2023-04-28 18:00:00,1.1021256666666666,0.00031963617446462145
479,2023-04-28 17:00:00,1.1026141666666662,0.00044323439220606
480,2023-04-28 16:00:00,1.1034235000000001,0.0007340131823088125
481,2023-04-28 15:00:00,1.1037861666666664,0.0003286740464256699
482,2023-04-28 14:00:00,1.101555,-0.0020213758190178455
483,2023-04-28 13:00:00,1.1002908333333332,-0.0011476201067280867
484,2023-04-28 12:00:00,1.0977371666666669,-0.002320901519219265
485,2023-04-28 11:00:00,1.0983049999999999,0.0005172762210987614
486,2023-04-28 10:00:00,1.098968,0.0006036574539860506
487,2023-04-28 09:00:00,1.0987888333333335,-0.00016303174129406184
488,2023-04-28 08:00:00,1.0986011666666664,-0.0001707941152785386
489,2023-04-28 07:00:00,1.1004876666666665,0.0017171836852531985
490,2023-04-28 06:00:00,1.1015066666666666,0.0009259531304759427
491,2023-04-28 05:00:00,1.1014385000000002,-6.18849333637872e-05
492,2023-04-28 04:00:00,1.1012529999999998,-0.00016841612128171146
493,2023-04-28 03:00:00,1.1018286666666663,0.0005227378873577937
494,2023-04-28 02:00:00,1.1020231666666662,0.00017652472283935516
495,2023-04-28 01:00:00,1.1032051666666667,0.0010725727332716595
496,2023-04-28 00:00:00,1.1033286666666662,0.0001119465388044194
497,2023-04-27 23:00:00,1.1029954999999998,-0.00030196502341672815
498,2023-04-27 22:00:00,1.1027198305084742,-0.00024992802919465706
499,2023-04-27 21:00:00,1.102754791666667,3.170447943845467e-05
500,2023-04-27 20:00:00,1.1027655172413795,9.72616468652987e-06
501,2023-04-27 19:00:00,1.1026303333333332,-0.00012258626691963315
502,2023-04-27 18:00:00,1.1023009999999998,-0.0002986797327966251
503,2023-04-27 17:00:00,1.1017655,-0.00048580197241931966
504,2023-04-27 16:00:00,1.1013296666666663,-0.00039557721977467875
505,2023-04-27 15:00:00,1.1018746666666668,0.0004948563690743146
506,2023-04-27 14:00:00,1.1013769999999998,-0.0004516545136412642
507,2023-04-27 13:00:00,1.1005503333333333,-0.000750575567373013
508,2023-04-27 12:00:00,1.1028636666666667,0.0021019786767286774
509,2023-04-27 11:00:00,1.1040571666666665,0.0010821827176581422
510,2023-04-27 10:00:00,1.1040348333333334,-2.0228421142909347e-05
511,2023-04-27 09:00:00,1.1046508474576273,0.0005579662033252664
512,2023-04-27 08:00:00,1.105052333333333,0.00036345047544195097
513,2023-04-27 07:00:00,1.1047786666666666,-0.00024765041293650647
514,2023-04-27 06:00:00,1.1056106666666663,0.0007530920220517601
515,2023-04-27 05:00:00,1.105592,-1.6883580476578786e-05
516,2023-04-27 04:00:00,1.1051165000000005,-0.0004300863247920228
517,2023-04-27 03:00:00,1.1050786666666668,-3.423470134933382e-05
518,2023-04-27 02:00:00,1.1049791666666664,-9.003883886427033e-05
519,2023-04-27 01:00:00,1.1043768333333333,-0.0005451083165216586
520,2023-04-27 00:00:00,1.104416,3.546494772854736e-05
521,2023-04-26 23:00:00,1.1043927118644068,-2.1086380125989734e-05
522,2023-04-26 22:00:00,1.1038988333333333,-0.00044719466704901123
523,2023-04-26 21:00:00,1.1041380769230769,0.00021672601013733583
524,2023-04-26 20:00:00,1.1038520338983042,-0.0002590645416103987
525,2023-04-26 19:00:00,1.1036521666666665,-0.00018106342652812746
526,2023-04-26 18:00:00,1.1036065000000004,-4.137777104551432e-05
527,2023-04-26 17:00:00,1.103770833333333,0.00014890573164660914
528,2023-04-26 16:00:00,1.1040575,0.0002597157471548872
529,2023-04-26 15:00:00,1.1049643333333334,0.000821364225444432
530,2023-04-26 14:00:00,1.1063189999999996,0.0012259822564404388
531,2023-04-26 13:00:00,1.1073178333333331,0.0009028438753502233
532,2023-04-26 12:00:00,1.1046576666666668,-0.0024023515079302227
533,2023-04-26 11:00:00,1.10448,-0.0001608341407731695
534,2023-04-26 10:00:00,1.1049461666666667,0.0004220689072385042
535,2023-04-26 09:00:00,1.1046125000000002,-0.0003019754959402432
536,2023-04-26 08:00:00,1.1029605000000002,-0.0014955470809899785
537,2023-04-26 07:00:00,1.101594,-0.0012389382938012838
538,2023-04-26 06:00:00,1.0996016666666664,-0.0018085913079897153
539,2023-04-26 05:00:00,1.0983853333333333,-0.0011061581390834352
540,2023-04-26 04:00:00,1.0976796666666668,-0.0006424582022822589
541,2023-04-26 03:00:00,1.0976054999999998,-6.756676735419909e-05
542,2023-04-26 02:00:00,1.0975801666666667,-2.3080545180520495e-05
543,2023-04-26 01:00:00,1.0973718333333335,-0.00018981149592545155
544,2023-04-26 00:00:00,1.0975746666666668,0.00018483555634651871
545,2023-04-25 23:00:00,1.0977469999999998,0.00015701285622449213
546,2023-04-25 22:00:00,1.097792166666667,4.114487825268576e-05
547,2023-04-25 21:00:00,1.0972764285714287,-0.00046979575086991687
548,2023-04-25 20:00:00,1.0973759322033894,9.068237444065375e-05
549,2023-04-25 19:00:00,1.0973093333333332,-6.0689202397878894e-05
550,2023-04-25 18:00:00,1.0970471666666664,-0.00023891774060691429
551,2023-04-25 17:00:00,1.0967858620689657,-0.00023818902745509352
552,2023-04-25 16:00:00,1.096899333333333,0.00010345799329813943
553,2023-04-25 15:00:00,1.097948666666667,0.0009566359477537478
554,2023-04-25 14:00:00,1.098605,0.0005977814384763303
555,2023-04-25 13:00:00,1.100736101694915,0.0019398252282805117
556,2023-04-25 12:00:00,1.102224,0.0013517302674037612
557,2023-04-25 11:00:00,1.1018436666666669,-0.0003450599273225885
558,2023-04-25 10:00:00,1.1028498333333332,0.0009131664473873702
559,2023-04-25 09:00:00,1.1037678333333332,0.0008323889366019799
560,2023-04-25 08:00:00,1.1032586440677967,-0.00046131917434000247
561,2023-04-25 07:00:00,1.1031976666666667,-5.527026818041847e-05
562,2023-04-25 06:00:00,1.1051356666666665,0.0017567114747945034
563,2023-04-25 05:00:00,1.1050424999999995,-8.43033751214417e-05
564,2023-04-25 04:00:00,1.1054759322033898,0.00039223125209231213
565,2023-04-25 03:00:00,1.105411333333333,-5.843534732408173e-05
566,2023-04-25 02:00:00,1.1054321666666667,1.8846679697759328e-05
567,2023-04-25 01:00:00,1.106091,0.0005959961662052038
568,2023-04-25 00:00:00,1.1058471666666667,-0.000220445997059171
569,2023-04-24 23:00:00,1.1053693333333334,-0.00043209708152858184
570,2023-04-24 22:00:00,1.1049598305084745,-0.0003704669674742256
571,2023-04-24 21:00:00,1.1046027272727275,-0.0003231820975633237
572,2023-04-24 20:00:00,1.104476071428572,-0.00011466189701359042
573,2023-04-24 19:00:00,1.1044281666666662,-4.33732908706741e-05
574,2023-04-24 18:00:00,1.1046730000000002,0.00022168334774819165
575,2023-04-24 17:00:00,1.1040163333333333,-0.0005944443891241491
576,2023-04-24 16:00:00,1.1031215,-0.0008105254481438617
577,2023-04-24 15:00:00,1.1025135,-0.0005511632218211382
578,2023-04-24 14:00:00,1.102721,0.0001882063122131683
579,2023-04-24 13:00:00,1.1020985,-0.0005645126917869225
580,2023-04-24 12:00:00,1.1008290000000003,-0.001151893410616056
581,2023-04-24 11:00:00,1.1005868333333337,-0.00021998572590886667
582,2023-04-24 10:00:00,1.100892166666667,0.00027742775407224585
583,2023-04-24 09:00:00,1.10144,0.0004976266976191024
584,2023-04-24 08:00:00,1.0991821666666666,-0.0020498922622507187
585,2023-04-24 07:00:00,1.0978271666666666,-0.0012327347013908474
586,2023-04-24 06:00:00,1.0979911666666664,0.00014938599169278532
587,2023-04-24 05:00:00,1.097616,-0.00034168459460870437
588,2023-04-24 04:00:00,1.098113,0.00045279952187282646
589,2023-04-24 03:00:00,1.0981805084745762,6.147680118195886e-05
590,2023-04-24 02:00:00,1.098777,0.0005431634606702929
591,2023-04-24 01:00:00,1.099117166666667,0.0003095866282849524
592,2023-04-24 00:00:00,1.0988371666666668,-0.00025474991064822206
593,2023-04-23 23:00:00,1.0993450877192985,0.00046223504995968057
594,2023-04-23 22:00:00,1.0990572413793105,-0.00026183438049032226
595,2023-04-23 21:00:00,1.0989976923076923,-5.418195647710622e-05
596,2023-04-21 20:00:00,1.0989965517241378,-1.0378398084265328e-06
597,2023-04-21 19:00:00,1.0982288333333337,-0.0006985630569993351
598,2023-04-21 18:00:00,1.0982457627118645,1.5415164869914122e-05
599,2023-04-21 17:00:00,1.0976551666666667,-0.0005377630993443905
600,2023-04-21 16:00:00,1.0975438333333332,-0.00010142833260806672
601,2023-04-21 15:00:00,1.0974748333333335,-6.286764856588967e-05
602,2023-04-21 14:00:00,1.0963968333333334,-0.00098225487023329
603,2023-04-21 13:00:00,1.098065333333333,0.0015218030089771961
604,2023-04-21 12:00:00,1.0981638333333332,8.970322348789139e-05
605,2023-04-21 11:00:00,1.097438833333333,-0.0006601929311400578
606,2023-04-21 10:00:00,1.0962304999999999,-0.0011010484563069856
607,2023-04-21 09:00:00,1.095661,-0.0005195075305785002
608,2023-04-21 08:00:00,1.0960445000000005,0.00035001702168879767
609,2023-04-21 07:00:00,1.0947170000000002,-0.0012111734514432815
610,2023-04-21 06:00:00,1.0954433333333335,0.000663489589851407
611,2023-04-21 05:00:00,1.095882881355932,0.0004012512644182564
612,2023-04-21 04:00:00,1.0961296666666671,0.00022519314329438878
613,2023-04-21 03:00:00,1.0964968333333336,0.00033496645317798723
614,2023-04-21 02:00:00,1.0966761666666662,0.00016355116392574587
615,2023-04-21 01:00:00,1.0969596666666668,0.0002585083989399273
616,2023-04-21 00:00:00,1.0965958333333332,-0.00033167430343095106
617,2023-04-20 23:00:00,1.0967768333333332,0.00016505625363349985
618,2023-04-20 22:00:00,1.0970313333333332,0.00023204355915007469
619,2023-04-20 21:00:00,1.0968968627450983,-0.00012257679808136412
620,2023-04-20 20:00:00,1.09672,-0.0001612391748990749
621,2023-04-20 19:00:00,1.0959628333333338,-0.0006903919566216832
622,2023-04-20 18:00:00,1.0965634999999998,0.0005480721137587352
623,2023-04-20 17:00:00,1.0967358333333337,0.00015715764142609778
624,2023-04-20 16:00:00,1.0967158333333333,-1.823593192862294e-05
625,2023-04-20 15:00:00,1.097113559322034,0.0003626518160970704
626,2023-04-20 14:00:00,1.0980985000000003,0.0008977563622265539
627,2023-04-20 13:00:00,1.0973363333333332,-0.0006940785973817976
628,2023-04-20 12:00:00,1.095664,-0.001523993403420132
629,2023-04-20 11:00:00,1.0969503333333335,0.0011740217195541636
630,2023-04-20 10:00:00,1.0966143333333338,-0.0003063037493946652
631,2023-04-20 09:00:00,1.0962721666666666,-0.00031202096878224506
632,2023-04-20 08:00:00,1.0969510169491532,0.0006192351709071175
633,2023-04-20 07:00:00,1.0958331666666663,-0.0010190521410845532
634,2023-04-20 06:00:00,1.0968063333333335,0.0008880609715686827
635,2023-04-20 05:00:00,1.0959083333333335,-0.0008187407135687996
636,2023-04-20 04:00:00,1.095727833333333,-0.00016470355641107215
637,2023-04-20 03:00:00,1.0957578333333333,2.7379061741328314e-05
638,2023-04-20 02:00:00,1.0957758333333338,1.6426987289541728e-05
639,2023-04-20 01:00:00,1.0956216666666665,-0.00014069179295406187
640,2023-04-20 00:00:00,1.0955569999999997,-5.90228074474064e-05
641,2023-04-19 23:00:00,1.0950673333333332,-0.0004469568143570246
642,2023-04-19 22:00:00,1.0955364912280696,0.0004284283536322153
643,2023-04-19 21:00:00,1.0956668888888892,0.0001190263052519569
644,2023-04-19 20:00:00,1.0954628813559317,-0.00018619485084958587
645,2023-04-19 19:00:00,1.0953671666666667,-8.737374026457356e-05
646,2023-04-19 18:00:00,1.0956776666666663,0.00028346659407785246
647,2023-04-19 17:00:00,1.0958968333333332,0.0002000284146830289
648,2023-04-19 16:00:00,1.0958838983050847,-1.180314410542671e-05
649,2023-04-19 15:00:00,1.095657627118644,-0.00020647368465820382
650,2023-04-19 14:00:00,1.0969341666666665,0.0011650898204209614
651,2023-04-19 13:00:00,1.095481,-0.0013247528528375074
652,2023-04-19 12:00:00,1.0939246666666669,-0.0014206849167928137
653,2023-04-19 11:00:00,1.0926326666666668,-0.0011810685318368597
654,2023-04-19 10:00:00,1.0935173333333335,0.0008096652183808839
655,2023-04-19 09:00:00,1.094265166666667,0.0006838788106393601
656,2023-04-19 08:00:00,1.0955946666666665,0.0012149705944213274
657,2023-04-19 07:00:00,1.0964483333333335,0.0007791811083419642
658,2023-04-19 06:00:00,1.0956646666666667,-0.000714731960314352
659,2023-04-19 05:00:00,1.0965563333333332,0.0008138134721267232
660,2023-04-19 04:00:00,1.0971218333333332,0.0005157053794773159
661,2023-04-19 03:00:00,1.0972511666666667,0.0001178842033802141
662,2023-04-19 02:00:00,1.097027166666666,-0.00020414651340139311
663,2023-04-19 01:00:00,1.0978316666666668,0.0007333455582920756
664,2023-04-19 00:00:00,1.0977301666666668,-9.245497564136507e-05
665,2023-04-18 23:00:00,1.097516034482759,-0.0001950681418895206
666,2023-04-18 22:00:00,1.0973893220338986,-0.00011545384748767873
667,2023-04-18 21:00:00,1.0970130188679248,-0.000342907624867661
668,2023-04-18 20:00:00,1.0972096491228072,0.00017924149622694507
669,2023-04-18 19:00:00,1.0972615,4.7257037188996875e-05
670,2023-04-18 18:00:00,1.0971441666666668,-0.00010693288093410747
671,2023-04-18 17:00:00,1.0969171666666666,-0.00020690079471497036
672,2023-04-18 16:00:00,1.0962530000000001,-0.000605484795798028
673,2023-04-18 15:00:00,1.0961100000000001,-0.00013044434085929257
674,2023-04-18 14:00:00,1.0964178333333336,0.0002808416430226668
675,2023-04-18 13:00:00,1.0953961666666665,-0.0009318223724628094
676,2023-04-18 12:00:00,1.0967629999999997,0.001247798171042147
677,2023-04-18 11:00:00,1.0972324999999998,0.00042807789832455256
678,2023-04-18 10:00:00,1.097497833333333,0.00024182051965571105
679,2023-04-18 09:00:00,1.0974830000000002,-1.351559236129063e-05
680,2023-04-18 08:00:00,1.097378666666667,-9.50660131713299e-05
681,2023-04-18 07:00:00,1.095816,-0.0014239994945534074
682,2023-04-18 06:00:00,1.0942471666666669,-0.0014316576262192182
683,2023-04-18 05:00:00,1.0938866666666667,-0.0003294502476057781
684,2023-04-18 04:00:00,1.0935951666666668,-0.0002664809882801933
685,2023-04-18 03:00:00,1.0936696666666668,6.812392946753398e-05
686,2023-04-18 02:00:00,1.0932308333333334,-0.00040124851836742526
687,2023-04-18 01:00:00,1.0928540000000002,-0.0003446969494852459
688,2023-04-18 00:00:00,1.092561,-0.00026810534618559867
689,2023-04-17 23:00:00,1.0925644827586203,3.187701757889627e-06
690,2023-04-17 22:00:00,1.0926856363636361,0.00011088920327151364
691,2023-04-17 21:00:00,1.0926586363636368,-2.4709760155006144e-05
692,2023-04-17 20:00:00,1.0928142372881358,0.00014240579749302817
693,2023-04-17 19:00:00,1.0928271666666665,1.1831268379891569e-05
694,2023-04-17 18:00:00,1.0922938333333334,-0.0004880308154855406
695,2023-04-17 17:00:00,1.0921334999999996,-0.00014678589994820967
696,2023-04-17 16:00:00,1.0913773333333332,-0.0006923756726320285
697,2023-04-17 15:00:00,1.0917648333333327,0.0003550559354352778
698,2023-04-17 14:00:00,1.0921501666666664,0.000352945361096868
699,2023-04-17 13:00:00,1.0946598333333335,0.002297913550044939
700,2023-04-17 12:00:00,1.0971853333333332,0.002307109407960528
701,2023-04-17 11:00:00,1.097766333333333,0.0005295367905024939
702,2023-04-17 10:00:00,1.098010166666667,0.00022211770021551835
703,2023-04-17 09:00:00,1.0974783333333333,-0.00048436102823001814
704,2023-04-17 08:00:00,1.0977553333333332,0.00025239678232047424
705,2023-04-17 07:00:00,1.0994438333333332,0.0015381387352251252
706,2023-04-17 06:00:00,1.0988618333333335,-0.0005293585559846825
707,2023-04-17 05:00:00,1.0989436666666663,7.447099430568649e-05
708,2023-04-17 04:00:00,1.0981050000000003,-0.0007631571045036978
709,2023-04-17 03:00:00,1.0978760000000003,-0.00020854107758372376
710,2023-04-17 02:00:00,1.0977141666666668,-0.00014740583939676366
711,2023-04-17 01:00:00,1.0969621666666671,-0.0006850599389485179
712,2023-04-17 00:00:00,1.0984784999999997,0.0013823023066876772
713,2023-04-16 23:00:00,1.098575833333333,8.860740864147232e-05
714,2023-04-16 22:00:00,1.098901833333333,0.0002967478348860908
715,2023-04-16 21:00:00,1.0993228888888888,0.00038316029947704777
716,2023-04-14 20:00:00,1.0995844067796614,0.00023788997155960168
717,2023-04-14 19:00:00,1.0996420000000002,5.237726179418978e-05
718,2023-04-14 18:00:00,1.0991958333333338,-0.00040573810991795245
719,2023-04-14 17:00:00,1.0985656666666663,-0.0005732979033922225
720,2023-04-14 16:00:00,1.0980201666666667,-0.0004965565705824515
721,2023-04-14 15:00:00,1.0991178333333333,0.00099967805691481
722,2023-04-14 14:00:00,1.1006536666666664,0.001397332739725643
723,2023-04-14 13:00:00,1.102733,0.0018891803991629708
724,2023-04-14 12:00:00,1.1045498333333335,0.0016475731961711482
725,2023-04-14 11:00:00,1.1052063333333335,0.0005943597836766124
726,2023-04-14 10:00:00,1.1061451666666668,0.0008494643081728981
727,2023-04-14 09:00:00,1.105983,-0.0001466052300852505
728,2023-04-14 08:00:00,1.105917833333333,-5.8921942441170216e-05
729,2023-04-14 07:00:00,1.1065971666666667,0.0006142710722785161
730,2023-04-14 06:00:00,1.1067776666666669,0.00016311265330992697
731,2023-04-14 05:00:00,1.1068086666666666,2.8009238832060745e-05
732,2023-04-14 04:00:00,1.1070313333333333,0.00020117900534444288
733,2023-04-14 03:00:00,1.1069283333333337,-9.304163025758427e-05
734,2023-04-14 02:00:00,1.1069493333333331,1.897141790219159e-05
735,2023-04-14 01:00:00,1.1058971666666664,-0.0009505102311218039
736,2023-04-14 00:00:00,1.1054643333333338,-0.0003913866011947542
737,2023-04-13 23:00:00,1.1049989655172414,-0.0004209704483989496
738,2023-04-13 22:00:00,1.104819298245614,-0.00016259496817117025
739,2023-04-13 21:00:00,1.1047168888888892,-9.269330911165774e-05
740,2023-04-13 20:00:00,1.1047751785714284,5.276436263934592e-05
741,2023-04-13 19:00:00,1.1047414999999998,-3.0484547518638827e-05
742,2023-04-13 18:00:00,1.1048226666666667,7.347118458644886e-05
743,2023-04-13 17:00:00,1.1054665,0.0005827481212670182
744,2023-04-13 16:00:00,1.1053226666666665,-0.00013011098331194848
745,2023-04-13 15:00:00,1.105379333333333,5.1267080985129e-05
746,2023-04-13 14:00:00,1.1052471666666668,-0.00011956679728009068
747,2023-04-13 13:00:00,1.1055516666666667,0.000275503986061576
748,2023-04-13 12:00:00,1.1026305,-0.0026422706009517904
749,2023-04-13 11:00:00,1.1014828333333329,-0.0010408442961329367
750,2023-04-13 10:00:00,1.1019938333333335,0.00046392007622508835
751,2023-04-13 09:00:00,1.1020490000000003,5.006077620239857e-05
752,2023-04-13 08:00:00,1.1017540000000003,-0.0002676831973895677
753,2023-04-13 07:00:00,1.0996030000000003,-0.0019523414482724988
754,2023-04-13 06:00:00,1.098622,-0.0008921401633138482
755,2023-04-13 05:00:00,1.0986941666666659,6.568835019304942e-05
756,2023-04-13 04:00:00,1.0990446666666664,0.00031901507319731515
757,2023-04-13 03:00:00,1.0988316666666664,-0.00019380468006457985
758,2023-04-13 02:00:00,1.099547,0.0006509944653338984
759,2023-04-13 01:00:00,1.0997658333333336,0.0001990213545519648
760,2023-04-13 00:00:00,1.0996351666666664,-0.00011881317159223581
761,2023-04-12 23:00:00,1.0996333333333332,-1.6672196276878992e-06
762,2023-04-12 22:00:00,1.0992169642857141,-0.00037864353052752264
763,2023-04-12 21:00:00,1.099136545454545,-7.316010740554546e-05
764,2023-04-12 20:00:00,1.0989334482758626,-0.00018477884255807542
765,2023-04-12 19:00:00,1.0991133333333332,0.00016369058358600697
766,2023-04-12 18:00:00,1.0995493333333333,0.00039668338721532415
767,2023-04-12 17:00:00,1.0996165000000002,6.108563265949662e-05
768,2023-04-12 16:00:00,1.0992573333333333,-0.00032662902627134116
769,2023-04-12 15:00:00,1.0978585000000003,-0.0012725258143980733
770,2023-04-12 14:00:00,1.098881,0.0009313586404802177
771,2023-04-12 13:00:00,1.0975136666666667,-0.0012442960915087786
772,2023-04-12 12:00:00,1.094932666666667,-0.002351679143858587
773,2023-04-12 11:00:00,1.0924983333333336,-0.0022232721768584707
774,2023-04-12 10:00:00,1.0929261666666668,0.0003916100558505331
775,2023-04-12 09:00:00,1.092486166666667,-0.0004025889519524428
776,2023-04-12 08:00:00,1.0924095000000003,-7.017632717554179e-05
777,2023-04-12 07:00:00,1.0926478333333332,0.00021817215369601684
778,2023-04-12 06:00:00,1.0923975000000004,-0.00022910706056966657
779,2023-04-12 05:00:00,1.0929206666666664,0.00047891602339444894
780,2023-04-12 04:00:00,1.0926128333333336,-0.0002816611879723485
781,2023-04-12 03:00:00,1.0921615000000002,-0.00041307709333460174
782,2023-04-12 02:00:00,1.092330833333333,0.00015504422499135195
783,2023-04-12 01:00:00,1.0924703333333337,0.00012770856204324943
784,2023-04-12 00:00:00,1.091821666666667,-0.0005937613561436406
785,2023-04-11 23:00:00,1.0916008333333338,-0.00020226135831080683
786,2023-04-11 22:00:00,1.091596779661017,-3.713511562919436e-06
787,2023-04-11 21:00:00,1.091282619047619,-0.00028779913907006627
788,2023-04-11 20:00:00,1.0913712280701755,8.119713537979578e-05
789,2023-04-11 19:00:00,1.0912336666666664,-0.00012604455749887222
790,2023-04-11 18:00:00,1.0907351666666663,-0.0004568224159752221
791,2023-04-11 17:00:00,1.0902163333333335,-0.00047567305904183677
792,2023-04-11 16:00:00,1.0901804999999998,-3.28680943754156e-05
793,2023-04-11 15:00:00,1.0910988333333336,0.0008423681521856352
794,2023-04-11 14:00:00,1.0920058333333336,0.0008312720830514486
795,2023-04-11 13:00:00,1.0916791666666668,-0.00029914370115557976
796,2023-04-11 12:00:00,1.0909885000000001,-0.000632664511475034
797,2023-04-11 11:00:00,1.0913363333333332,0.00031882401449068176
798,2023-04-11 10:00:00,1.0914473333333337,0.00010171016634386021
799,2023-04-11 09:00:00,1.0912605000000004,-0.00017117943085964704
800,2023-04-11 08:00:00,1.0902465000000001,-0.0009292006812308129
801,2023-04-11 07:00:00,1.0896958333333333,-0.0005050845535086168
802,2023-04-11 06:00:00,1.0889095,-0.000721608094001791
803,2023-04-11 05:00:00,1.0887476666666664,-0.0001486196358223557
804,2023-04-11 04:00:00,1.0883458333333336,-0.0003690784794636581
805,2023-04-11 03:00:00,1.0883324999999997,-1.2251007837305039e-05
806,2023-04-11 02:00:00,1.088224166666667,-9.954065814699042e-05
807,2023-04-11 01:00:00,1.087412666666667,-0.0007457103277587196
808,2023-04-11 00:00:00,1.0874268333333332,1.3027866145431943e-05
809,2023-04-10 23:00:00,1.086710701754386,-0.00065855610418597
810,2023-04-10 22:00:00,1.0863959999999997,-0.00028959110633419716
811,2023-04-10 21:00:00,1.0861215999999998,-0.0002525782495516049
812,2023-04-10 20:00:00,1.0861440350877196,2.0656147267317237e-05
813,2023-04-10 19:00:00,1.0859293333333333,-0.00019767337245379935
814,2023-04-10 18:00:00,1.0856379999999997,-0.00026828019502833644
815,2023-04-10 17:00:00,1.0853803333333332,-0.00023734123774821203
816,2023-04-10 16:00:00,1.084588,-0.0007300052424017434
817,2023-04-10 15:00:00,1.0841938333333332,-0.0003634252514935765
818,2023-04-10 14:00:00,1.0836765000000002,-0.0004771594501165044
819,2023-04-10 13:00:00,1.0849455000000001,0.0011710136742837385
820,2023-04-10 12:00:00,1.0866058333333335,0.0015303380062254845
821,2023-04-10 11:00:00,1.0897328333333336,0.0028777684640322043
822,2023-04-10 10:00:00,1.090820833333333,0.0009984098548918574
823,2023-04-10 09:00:00,1.0911256666666667,0.0002794531640932796
824,2023-04-10 08:00:00,1.0912503333333332,0.00011425509496754138
825,2023-04-10 07:00:00,1.0909269999999998,-0.0002962962057897478
826,2023-04-10 06:00:00,1.0900036666666666,-0.0008463749942325682
827,2023-04-10 05:00:00,1.089506,-0.00045657338767346456
828,2023-04-10 04:00:00,1.089788983050848,0.00025973519269095746
829,2023-04-10 03:00:00,1.089952166666667,0.00014973872773249575
830,2023-04-10 02:00:00,1.0900815000000004,0.00011865964148594088
831,2023-04-10 01:00:00,1.0901851666666664,9.509992295630987e-05
832,2023-04-10 00:00:00,1.0908206666666664,0.0005829284963976278
833,2023-04-09 23:00:00,1.0909976271186441,0.00016222689703737636
834,2023-04-09 22:00:00,1.0908821666666668,-0.0001058301586615018
835,2023-04-09 21:00:00,1.0902741176470587,-0.000557392024718939
836,2023-04-07 20:00:00,1.0904269565217395,0.00014018389706493828
837,2023-04-07 19:00:00,1.0906037931034482,0.00016217187281641898
838,2023-04-07 18:00:00,1.0906574999999996,4.924510339221477e-05
839,2023-04-07 17:00:00,1.090966153846154,0.0002829979587124498
840,2023-04-07 16:00:00,1.091132181818182,0.0001521843472804818
841,2023-04-07 15:00:00,1.0908936206896556,-0.00021863632335450411
842,2023-04-07 14:00:00,1.0909571666666666,5.8251304990486474e-05
843,2023-04-07 13:00:00,1.0900343333333333,-0.0008458932775087247
844,2023-04-07 12:00:00,1.0906078333333336,0.0005261302166936765
845,2023-04-07 11:00:00,1.0917643333333331,0.001060417837331018
846,2023-04-07 10:00:00,1.0916208620689654,-0.00013141230207591725
847,2023-04-07 09:00:00,1.0914063333333333,-0.00019652311813234125
848,2023-04-07 08:00:00,1.0915545614035087,0.00013581382629768157
849,2023-04-07 07:00:00,1.0917448333333337,0.0001743127980522452
850,2023-04-07 06:00:00,1.0915753333333336,-0.00015525605876476334
851,2023-04-07 05:00:00,1.09164406779661,6.296813529726997e-05
852,2023-04-07 04:00:00,1.0918251724137928,0.00016590079360612187
853,2023-04-07 03:00:00,1.0919728333333336,0.00013524227437833325
854,2023-04-07 02:00:00,1.0919736842105259,7.792109530946334e-07
855,2023-04-07 01:00:00,1.0917913333333333,-0.00016699200706871142
856,2023-04-07 00:00:00,1.0918122033898303,1.9115426052485063e-05
857,2023-04-06 23:00:00,1.0917998333333336,-1.1329839012863552e-05
858,2023-04-06 22:00:00,1.0917991228070172,-6.507844155789755e-07
859,2023-04-06 21:00:00,1.0920069767441867,0.00019037745389938188
860,2023-04-06 20:00:00,1.0920598275862075,4.8397897766561115e-05
861,2023-04-06 19:00:00,1.0924890000000003,0.00039299349994537103
862,2023-04-06 18:00:00,1.0931850000000003,0.0006370773527240026
863,2023-04-06 17:00:00,1.0932884999999997,9.467747910862911e-05
864,2023-04-06 16:00:00,1.0934176666666666,0.00011814508857166395
865,2023-04-06 15:00:00,1.0923371666666666,-0.0009881859722405961
866,2023-04-06 14:00:00,1.09128,-0.0009678025237322974
867,2023-04-06 13:00:00,1.0892223333333335,-0.001885553356303138
868,2023-04-06 12:00:00,1.0906626666666666,0.0013223501660355463
869,2023-04-06 11:00:00,1.0910186666666668,0.000326407065062817
870,2023-04-06 10:00:00,1.090338,-0.0006238817789858686
871,2023-04-06 09:00:00,1.0900313333333334,-0.0002812583498572607
872,2023-04-06 08:00:00,1.0900820000000002,4.648184425293245e-05
873,2023-04-06 07:00:00,1.0911211666666671,0.0009532921988133491
874,2023-04-06 06:00:00,1.0900379999999998,-0.0009927097922372008
875,2023-04-06 05:00:00,1.0892376666666668,-0.0007342251676850653
876,2023-04-06 04:00:00,1.089206,-2.9072320611001068e-05
877,2023-04-06 03:00:00,1.0889974999999998,-0.00019142384452530692
878,2023-04-06 02:00:00,1.088958666666667,-3.565970843166788e-05
879,2023-04-06 01:00:00,1.0889701666666667,1.0560547752280769e-05
880,2023-04-06 00:00:00,1.0900003333333335,0.0009460008163677536
881,2023-04-05 23:00:00,1.0907816666666668,0.0007168193526545519
882,2023-04-05 22:00:00,1.0908706896551723,8.161393909156267e-05
883,2023-04-05 21:00:00,1.0904440000000002,-0.0003911459526948491
884,2023-04-05 20:00:00,1.0903740677966105,-6.413186132414594e-05
885,2023-04-05 19:00:00,1.0905483333333332,0.0001598217913187927
886,2023-04-05 18:00:00,1.0902945000000002,-0.0002327575271764415
887,2023-04-05 17:00:00,1.0896153333333334,-0.0006229203822148976
888,2023-04-05 16:00:00,1.090805666666667,0.0010924344554625876
889,2023-04-05 15:00:00,1.0917949999999998,0.0009069748751453499
890,2023-04-05 14:00:00,1.0929566666666666,0.0010639970568346868
891,2023-04-05 13:00:00,1.094737166666667,0.001629067331123668
892,2023-04-05 12:00:00,1.095124,0.00035335726703311643
893,2023-04-05 11:00:00,1.0939366666666668,-0.0010841999018679216
894,2023-04-05 10:00:00,1.0947648333333335,0.0007570517488826312
895,2023-04-05 09:00:00,1.0952663333333335,0.0004580892486956145
896,2023-04-05 08:00:00,1.0947708333333332,-0.0004524013793907322
897,2023-04-05 07:00:00,1.0959615000000003,0.0010875944356698586
898,2023-04-05 06:00:00,1.0952331666666668,-0.000664561057421631
899,2023-04-05 05:00:00,1.095388166666667,0.00014152237598130668
900,2023-04-05 04:00:00,1.0955598333333336,0.0001567176567089934
901,2023-04-05 03:00:00,1.0959975,0.00039949134072814196
902,2023-04-05 02:00:00,1.0960885,8.302938647219982e-05
903,2023-04-05 01:00:00,1.0960426666666665,-4.181535827951777e-05
904,2023-04-05 00:00:00,1.0963843333333332,0.0003117275239894468
905,2023-04-04 23:00:00,1.095937333333333,-0.0004077037462228983
906,2023-04-04 22:00:00,1.0957062068965515,-0.00021089384379180398
907,2023-04-04 21:00:00,1.0954581249999997,-0.0002264127874701538
908,2023-04-04 20:00:00,1.09564406779661,0.0001697397576108095
909,2023-04-04 19:00:00,1.0954311666666665,-0.00019431596099594994
910,2023-04-04 18:00:00,1.0949214999999997,-0.00046526580781680593
911,2023-04-04 17:00:00,1.0947770000000001,-0.00013197293139233235
912,2023-04-04 16:00:00,1.0947921666666667,1.3853658477058772e-05
913,2023-04-04 15:00:00,1.0958180000000002,0.0009370119412315248
914,2023-04-04 14:00:00,1.095127666666667,-0.0006299707919866782
915,2023-04-04 13:00:00,1.0899618333333332,-0.0047171060421269395
916,2023-04-04 12:00:00,1.0899418333333333,-1.834926635801981e-05
917,2023-04-04 11:00:00,1.0908265000000001,0.0008116641086812759
918,2023-04-04 10:00:00,1.0925413333333334,0.0015720495728084316
919,2023-04-04 09:00:00,1.0928846666666667,0.0003142520313494934
920,2023-04-04 08:00:00,1.0919536666666663,-0.0008518739702333411
921,2023-04-04 07:00:00,1.0913601666666668,-0.0005435212299906844
922,2023-04-04 06:00:00,1.089774,-0.0014533851565349254
923,2023-04-04 05:00:00,1.0890046666666668,-0.0007059567702415448
924,2023-04-04 04:00:00,1.0892126666666668,0.00019100009978534338
925,2023-04-04 03:00:00,1.0890519999999995,-0.00014750715960643035
926,2023-04-04 02:00:00,1.0891706666666667,0.00010896326958431679
927,2023-04-04 01:00:00,1.0896485,0.0004387130024312569
928,2023-04-04 00:00:00,1.0905066666666667,0.0007875628394540257
929,2023-04-03 23:00:00,1.0907850000000001,0.0002552330415219739
930,2023-04-03 22:00:00,1.09045406779661,-0.0003033890302764908
931,2023-04-03 21:00:00,1.0903091666666664,-0.00013288146123957567
932,2023-04-03 20:00:00,1.0904827586206896,0.00015921351423076047
933,2023-04-03 19:00:00,1.0899765000000001,-0.0004642518340498558
934,2023-04-03 18:00:00,1.0894073333333334,-0.0005221825118860712
935,2023-04-03 17:00:00,1.0884455,-0.0008828959599440633
936,2023-04-03 16:00:00,1.088836333333333,0.0003590747844821607
937,2023-04-03 15:00:00,1.0886539999999998,-0.00016745706195819832
938,2023-04-03 14:00:00,1.0895056666666667,0.0007823116129339613
939,2023-04-03 13:00:00,1.0875833333333333,-0.001764408751736668
940,2023-04-03 12:00:00,1.0867791666666664,-0.0007394069419970339
941,2023-04-03 11:00:00,1.086696,-7.652581979589179e-05
942,2023-04-03 10:00:00,1.086201,-0.00045550917643955025
943,2023-04-03 09:00:00,1.0848550000000001,-0.0012391813301588783
944,2023-04-03 08:00:00,1.0836990000000002,-0.0010655801927446085
945,2023-04-03 07:00:00,1.0829376666666668,-0.0007025320991653761
946,2023-04-03 06:00:00,1.0805981666666666,-0.002160327479605817
947,2023-04-03 05:00:00,1.079323,-0.001180056292895748
948,2023-04-03 04:00:00,1.0793136666666665,-8.64739594497177e-06
949,2023-04-03 03:00:00,1.0793275,1.2816786964409133e-05
950,2023-04-03 02:00:00,1.0802901666666669,0.0008919134059559575
951,2023-04-03 01:00:00,1.0811165000000003,0.0007649179441140408
952,2023-04-03 00:00:00,1.0808294999999999,-0.00026546630266055526
953,2023-04-02 23:00:00,1.0812521666666663,0.0003910576706747104
954,2023-04-02 22:00:00,1.082757666666667,0.0013923671520972292
955,2023-04-02 21:00:00,1.0842100000000003,0.001341328145756382
956,2023-03-31 20:00:00,1.0841537288135592,-5.190063404791889e-05
957,2023-03-31 19:00:00,1.0847745000000002,0.0005725859441725323
958,2023-03-31 18:00:00,1.0856830000000002,0.0008375012502597201
959,2023-03-31 17:00:00,1.0858756666666662,0.0001774612540363929
960,2023-03-31 16:00:00,1.0863683333333334,0.0004537044910302157
961,2023-03-31 15:00:00,1.0866974999999999,0.0003029972952695026
962,2023-03-31 14:00:00,1.0884751666666663,0.0016358431547569552
963,2023-03-31 13:00:00,1.0884533333333333,-2.0058641668319055e-05
964,2023-03-31 12:00:00,1.088134833333333,-0.00029261704681904366
965,2023-03-31 11:00:00,1.0872966666666668,-0.0007702783156923187
966,2023-03-31 10:00:00,1.0881083333333332,0.0007464997286847908
967,2023-03-31 09:00:00,1.0886105000000001,0.0004615042926181534
968,2023-03-31 08:00:00,1.0880578333333333,-0.0005076808157434831
969,2023-03-31 07:00:00,1.0892160000000002,0.0010644348408566096
970,2023-03-31 06:00:00,1.0897063333333334,0.0004501708874393717
971,2023-03-31 05:00:00,1.0899938333333337,0.0002638325493813376
972,2023-03-31 04:00:00,1.090605666666667,0.000561318160362756
973,2023-03-31 03:00:00,1.090466666666667,-0.00012745211605669216
974,2023-03-31 02:00:00,1.0908496666666667,0.00035122577489743456
975,2023-03-31 01:00:00,1.0916986666666668,0.000778292395316349
976,2023-03-31 00:00:00,1.0909811666666667,-0.0006572326429516995
977,2023-03-30 23:00:00,1.0904356666666664,-0.000500008631374449
978,2023-03-30 22:00:00,1.0903715,-5.8844981531525065e-05
979,2023-03-30 21:00:00,1.090596744186047,0.0002065756359614923
980,2023-03-30 20:00:00,1.0904742372881353,-0.00011233015187761541
981,2023-03-30 19:00:00,1.0905466666666663,6.642007307866571e-05
982,2023-03-30 18:00:00,1.0901490000000003,-0.00036464892225251955
983,2023-03-30 17:00:00,1.0897986666666666,-0.0003213627984189893
984,2023-03-30 16:00:00,1.0903258333333337,0.0004837284929697372
985,2023-03-30 15:00:00,1.0902413333333336,-7.749976880000453e-05
986,2023-03-30 14:00:00,1.0915506666666663,0.0012009573415543429
987,2023-03-30 13:00:00,1.0916324999999996,7.496979831733697e-05
988,2023-03-30 12:00:00,1.0896936666666666,-0.0017760861217790413
989,2023-03-30 11:00:00,1.0876218333333336,-0.0019012988665618735
990,2023-03-30 10:00:00,1.0870348333333337,-0.0005397096509186516
991,2023-03-30 09:00:00,1.0867431666666667,-0.000268314002204173
992,2023-03-30 08:00:00,1.086544,-0.00018326930665468755
993,2023-03-30 07:00:00,1.0845013333333333,-0.0018799668183402396
994,2023-03-30 06:00:00,1.0839665000000003,-0.0004931606046892911
995,2023-03-30 05:00:00,1.0841733333333332,0.00019081155490785484
996,2023-03-30 04:00:00,1.0836396666666668,-0.0004922337141660682
997,2023-03-30 03:00:00,1.0833138333333332,-0.00030068420652762384
998,2023-03-30 02:00:00,1.0831453333333332,-0.00015554126128114465
999,2023-03-30 01:00:00,1.0832908333333333,0.0001343310039034762
0,2023-03-30 00:00:00,1.0838826666666668,0.00054632912521968
1,2023-03-29 23:00:00,1.084377666666667,0.0004566914992030213
2,2023-03-29 22:00:00,1.0845088135593222,0.00012094208197632739
3,2023-03-29 21:00:00,1.084236226415094,-0.0002513461770159431
4,2023-03-29 20:00:00,1.0842200000000002,-1.496575626092067e-05
5,2023-03-29 19:00:00,1.0841791666666667,-3.766148321693308e-05
6,2023-03-29 18:00:00,1.084060833333333,-0.00010914555174257323
7,2023-03-29 17:00:00,1.0836076666666667,-0.00041802697111825715
8,2023-03-29 16:00:00,1.082987333333333,-0.0005724704174915329
9,2023-03-29 15:00:00,1.0834861666666666,0.0004606086497782602
10,2023-03-29 14:00:00,1.0841031666666667,0.0005694581241386665
11,2023-03-29 13:00:00,1.0844735000000003,0.0003416034052112771
12,2023-03-29 12:00:00,1.0848571666666662,0.00035378150472631376
13,2023-03-29 11:00:00,1.0861038333333333,0.00114915281474115
14,2023-03-29 10:00:00,1.0855576666666664,-0.0005028678197283032
15,2023-03-29 09:00:00,1.0846126666666671,-0.0008705203132147732
16,2023-03-29 08:00:00,1.0833641666666667,-0.0011511021753392026
17,2023-03-29 07:00:00,1.0829508333333335,-0.00038152760267573527
18,2023-03-29 06:00:00,1.082844,-9.865021573030042e-05
19,2023-03-29 05:00:00,1.083716333333333,0.0008055946501370759
20,2023-03-29 04:00:00,1.0839196666666666,0.00018762597469401676
21,2023-03-29 03:00:00,1.0836871666666663,-0.00021449929099937037
22,2023-03-29 02:00:00,1.0841838333333331,0.0004583118467615943
23,2023-03-29 01:00:00,1.084505166666667,0.0002963827013966469
24,2023-03-29 00:00:00,1.084526833333333,1.9978389529162754e-05
25,2023-03-28 23:00:00,1.083915166666667,-0.0005639940367229146
26,2023-03-28 22:00:00,1.0843291525423726,0.00038193567950406404
27,2023-03-28 21:00:00,1.0843213207547169,-7.222703214626591e-06
28,2023-03-28 20:00:00,1.0845319642857139,0.0001942630168429993
29,2023-03-28 19:00:00,1.0845375,5.104242630338263e-06
30,2023-03-28 18:00:00,1.0839566666666665,-0.0005355585522247575
31,2023-03-28 17:00:00,1.0841066666666663,0.00013838191563619873
32,2023-03-28 16:00:00,1.0839495000000001,-0.0001449734343479392
33,2023-03-28 15:00:00,1.0840686666666668,0.00010993747094922846
34,2023-03-28 14:00:00,1.0826406666666668,-0.001317259730779674
35,2023-03-28 13:00:00,1.0830218333333335,0.00035207126279512835
36,2023-03-28 12:00:00,1.0839688333333337,0.0008744052713005601
37,2023-03-28 11:00:00,1.082922333333333,-0.0009654336617617165
38,2023-03-28 10:00:00,1.0822351666666663,-0.0006345484302199278
39,2023-03-28 09:00:00,1.0815854999999999,-0.0006003008280237587
40,2023-03-28 08:00:00,1.0818868333333331,0.0002786033404971189
41,2023-03-28 07:00:00,1.0821805,0.0002714393572589291
42,2023-03-28 06:00:00,1.0814886666666663,-0.0006392956935868943
43,2023-03-28 05:00:00,1.0810368333333331,-0.0004177883201733623
44,2023-03-28 04:00:00,1.0812666666666666,0.0002126045350598904
45,2023-03-28 03:00:00,1.0815294999999998,0.0002430791047536296
46,2023-03-28 02:00:00,1.0813958333333331,-0.0001235904029124324
47,2023-03-28 01:00:00,1.0813943333333333,-1.387096152494216e-06
48,2023-03-28 00:00:00,1.0810188333333335,-0.00034723688521876017
49,2023-03-27 23:00:00,1.0805495,-0.0004341583318083764
50,2023-03-27 22:00:00,1.079937333333333,-0.000566532737895864
51,2023-03-27 21:00:00,1.0797104347826083,-0.00021010344185845575
52,2023-03-27 20:00:00,1.0798874545454547,0.00016395114573652947
53,2023-03-27 19:00:00,1.0795228333333333,-0.0003376474192625656
54,2023-03-27 18:00:00,1.0793726666666668,-0.00013910466923883202
55,2023-03-27 17:00:00,1.0790788333333332,-0.00027222602758780745
56,2023-03-27 16:00:00,1.0790633333333333,-1.4364103456676602e-05
57,2023-03-27 15:00:00,1.0783223333333334,-0.0006867066807940692
58,2023-03-27 14:00:00,1.0783371666666668,1.3755936304926664e-05
59,2023-03-27 13:00:00,1.0783653333333334,2.6120463559431428e-05
60,2023-03-27 12:00:00,1.0774063333333335,-0.0008893090035040352
61,2023-03-27 11:00:00,1.0773419999999996,-5.971130050330675e-05
62,2023-03-27 10:00:00,1.0765730000000002,-0.0007137937627971214
63,2023-03-27 09:00:00,1.0763575,-0.0002001722131245165
64,2023-03-27 08:00:00,1.0765335000000003,0.00016351444571172102
65,2023-03-27 07:00:00,1.0761979999999995,-0.00031164845311426603
66,2023-03-27 06:00:00,1.0759085,-0.00026900254414119473
67,2023-03-27 05:00:00,1.0766393333333333,0.0006792708983462958
68,2023-03-27 04:00:00,1.0768983333333333,0.000240563382723602
69,2023-03-27 03:00:00,1.077086,0.00017426590872871017
70,2023-03-27 02:00:00,1.0765956666666667,-0.00045524065240221123
71,2023-03-27 01:00:00,1.0762729999999996,-0.0002997101666460944
72,2023-03-27 00:00:00,1.0767018333333334,0.00039844289816226564
73,2023-03-26 23:00:00,1.0776128333333335,0.0008461023951076285
74,2023-03-26 22:00:00,1.0775758333333334,-3.433515160133904e-05
75,2023-03-26 21:00:00,1.0770286956521737,-0.0005077486560431943
76,2023-03-24 20:00:00,1.076059322033898,-0.0009000443741089548
77,2023-03-24 19:00:00,1.0761170000000002,5.360110257957018e-05
78,2023-03-24 18:00:00,1.0758210000000004,-0.00027506302753310674
79,2023-03-24 17:00:00,1.076170666666667,0.00032502309089221804
80,2023-03-24 16:00:00,1.0758480000000004,-0.00029982852781718083
81,2023-03-24 15:00:00,1.0749795000000002,-0.0008072701719946673
82,2023-03-24 14:00:00,1.075711833333333,0.0006812533014191047
83,2023-03-24 13:00:00,1.0751975,-0.0004781330068103218
84,2023-03-24 12:00:00,1.0738703333333335,-0.0012343468680559022
85,2023-03-24 11:00:00,1.0735910000000002,-0.00026011830726924146
86,2023-03-24 10:00:00,1.0733271666666666,-0.0002457484585224323
87,2023-03-24 09:00:00,1.0768938333333335,0.00332300045823275
88,2023-03-24 08:00:00,1.0787778333333338,0.001749476078035217
89,2023-03-24 07:00:00,1.0829258333333331,0.003845091984493676
90,2023-03-24 06:00:00,1.0830623333333336,0.0001260474132196432
91,2023-03-24 05:00:00,1.083449166666667,0.00035716626959314546
92,2023-03-24 04:00:00,1.0828585,-0.0005451724777123523
93,2023-03-24 03:00:00,1.0823905,-0.0004321894319524455
94,2023-03-24 02:00:00,1.0824448333333334,5.019753345347766e-05
95,2023-03-24 01:00:00,1.0825151666666668,6.497636754088099e-05
96,2023-03-24 00:00:00,1.0831808333333333,0.0006149259494592219
97,2023-03-23 23:00:00,1.0833641666666665,0.0001692545950697788
98,2023-03-23 22:00:00,1.0833706666666663,5.999829235436849e-06
99,2023-03-23 21:00:00,1.0832966037735847,-6.83633915522508e-05
100,2023-03-23 20:00:00,1.0835598305084746,0.00024298676278777798
101,2023-03-23 19:00:00,1.0839748333333337,0.0003829994552901894
102,2023-03-23 18:00:00,1.0862915,0.0021371959896359094
103,2023-03-23 17:00:00,1.0876798333333333,0.0012780486023624693
104,2023-03-23 16:00:00,1.0893021666666667,0.0014915541169513435
105,2023-03-23 15:00:00,1.0898738333333333,0.0005248008166696128
106,2023-03-23 14:00:00,1.088788833333333,-0.0009955280756505092
107,2023-03-23 13:00:00,1.0883278333333335,-0.0004234062527884719
108,2023-03-23 12:00:00,1.08793,-0.0003655454920370449
109,2023-03-23 11:00:00,1.0874723333333336,-0.00042067657539224257
110,2023-03-23 10:00:00,1.0875308333333336,5.3794472012480554e-05
111,2023-03-23 09:00:00,1.0888830000000003,0.001243336395826411
112,2023-03-23 08:00:00,1.0900411666666665,0.0010636282012541631
113,2023-03-23 07:00:00,1.0914225000000002,0.0012672304272303148
114,2023-03-23 06:00:00,1.0916591666666664,0.00021684239299291086
115,2023-03-23 05:00:00,1.09071,-0.0008694716223238697
116,2023-03-23 04:00:00,1.0898821666666665,-0.0007589857371195219
117,2023-03-23 03:00:00,1.0899021666666668,1.8350607627226623e-05
118,2023-03-23 02:00:00,1.0891341666666665,-0.000704650402108209
119,2023-03-23 01:00:00,1.088304833333333,-0.0007614611300569285
120,2023-03-23 00:00:00,1.087434333333333,-0.0007998678066454268
121,2023-03-22 23:00:00,1.0866436666666668,-0.0007270937126313548
122,2023-03-22 22:00:00,1.0860411666666672,-0.0005544595882547299
123,2023-03-22 21:00:00,1.085833921568628,-0.00019082619001942192
124,2023-03-22 20:00:00,1.0858769491525426,3.962630293652403e-05
125,2023-03-22 19:00:00,1.0873398333333333,0.0013471914860447853
126,2023-03-22 18:00:00,1.0861275000000001,-0.0011149534820376061
127,2023-03-22 17:00:00,1.0794189999999995,-0.006176530840072303
128,2023-03-22 16:00:00,1.0793046666666666,-0.00010592117920182886
129,2023-03-22 15:00:00,1.079001833333333,-0.0002805818808035987
130,2023-03-22 14:00:00,1.0784741666666668,-0.0004890322243811251
131,2023-03-22 13:00:00,1.0782398333333334,-0.00021728228693485008
132,2023-03-22 12:00:00,1.0790568333333335,0.0007577163955021504
133,2023-03-22 11:00:00,1.0793478333333335,0.00026967995661641986
134,2023-03-22 10:00:00,1.0786223333333333,-0.0006721651515800842
135,2023-03-22 09:00:00,1.0786778333333333,5.145452517041349e-05
136,2023-03-22 08:00:00,1.0775964999999998,-0.001002461810114319
137,2023-03-22 07:00:00,1.0763105000000004,-0.0011933966006751895
138,2023-03-22 06:00:00,1.0769111666666669,0.0005580793522561578
139,2023-03-22 05:00:00,1.0770158333333335,9.719155108278699e-05
140,2023-03-22 04:00:00,1.0769369999999996,-7.319607650513316e-05
141,2023-03-22 03:00:00,1.0769589999999993,2.0428307319519945e-05
142,2023-03-22 02:00:00,1.0770611666666667,9.486588316498512e-05
143,2023-03-22 01:00:00,1.0770531666666663,-7.427619013733455e-06
144,2023-03-22 00:00:00,1.0769858333333333,-6.25162577083671e-05
145,2023-03-21 23:00:00,1.0771358333333334,0.00013927759804954754
146,2023-03-21 22:00:00,1.0769183333333339,-0.0002019243936267623
147,2023-03-21 21:00:00,1.0768724390243898,-4.2616331734302015e-05
148,2023-03-21 20:00:00,1.0768363793103448,-3.348559470761625e-05
149,2023-03-21 19:00:00,1.0766710000000002,-0.00015357886631817141
150,2023-03-21 18:00:00,1.0761573333333334,-0.00047708786311395635
151,2023-03-21 17:00:00,1.0765424999999997,0.00035790925242618066
152,2023-03-21 16:00:00,1.0768718333333334,0.0003059176329160973
153,2023-03-21 15:00:00,1.0774748333333333,0.0005599552159640808
154,2023-03-21 14:00:00,1.0771078333333335,-0.0003406112037572795
155,2023-03-21 13:00:00,1.077904833333333,0.0007399444840476832
156,2023-03-21 12:00:00,1.0779323333333333,2.5512456341081347e-05
157,2023-03-21 11:00:00,1.0774818333333334,-0.0004179297587324493
158,2023-03-21 10:00:00,1.0749618333333333,-0.0023387865317451295
159,2023-03-21 09:00:00,1.0735968333333332,-0.0012698125251269232
160,2023-03-21 08:00:00,1.0731201666666665,-0.00044399038062237217
161,2023-03-21 07:00:00,1.0714706666666667,-0.001537106515408726
162,2023-03-21 06:00:00,1.0709461666666666,-0.0004895141008682824
163,2023-03-21 05:00:00,1.071246833333333,0.0002807486277318638
164,2023-03-21 04:00:00,1.0712268333333335,-1.8669833484863396e-05
165,2023-03-21 03:00:00,1.071775166666667,0.0005118741579945851
166,2023-03-21 02:00:00,1.0719196666666668,0.0001348230529067962
167,2023-03-21 01:00:00,1.0717371666666664,-0.0001702552958730008
168,2023-03-21 00:00:00,1.071889666666667,0.0001422923499752038
169,2023-03-20 23:00:00,1.0720449999999997,0.0001449154126242913
170,2023-03-20 22:00:00,1.0722798305084744,0.0002190491149856033
171,2023-03-20 21:00:00,1.0720756862745096,-0.00019038335717647126
172,2023-03-20 20:00:00,1.0722791525423725,0.00018978722348417243
173,2023-03-20 19:00:00,1.072198833333333,-7.490512974073216e-05
174,2023-03-20 18:00:00,1.0721641666666668,-3.233231149712967e-05
175,2023-03-20 17:00:00,1.0721848333333335,1.9275655080752685e-05
176,2023-03-20 16:00:00,1.0719518333333338,-0.00021731327729690442
177,2023-03-20 15:00:00,1.0718893333333337,-5.83048585361956e-05
178,2023-03-20 14:00:00,1.0719783333333333,8.303095966333274e-05
179,2023-03-20 13:00:00,1.072088666666667,0.00010292496583441668
180,2023-03-20 12:00:00,1.070947833333333,-0.0010641221839242654
181,2023-03-20 11:00:00,1.0696361666666667,-0.0012247717637037248
182,2023-03-20 10:00:00,1.0688861666666667,-0.0007011730001027505
183,2023-03-20 09:00:00,1.0661556666666665,-0.002554528335337425
184,2023-03-20 08:00:00,1.0649410000000001,-0.0011392957938909376
185,2023-03-20 07:00:00,1.0657718333333335,0.0007801684162158651
186,2023-03-20 06:00:00,1.066818,0.0009816047243382808
187,2023-03-20 05:00:00,1.0673846666666662,0.0005311746395975092
188,2023-03-20 04:00:00,1.0670413333333328,-0.0003216584836331915
189,2023-03-20 03:00:00,1.066988166666667,-4.9826248529449835e-05
190,2023-03-20 02:00:00,1.0679298333333336,0.0008825464949704376
191,2023-03-20 01:00:00,1.0681994999999997,0.0002525134688151631
192,2023-03-20 00:00:00,1.0684126666666665,0.00019955698038298664
193,2023-03-19 23:00:00,1.0676905,-0.0006759248455181499
194,2023-03-19 22:00:00,1.0676335,-5.338625753459336e-05
195,2023-03-19 21:00:00,1.0686345454545452,0.0009376302397268166
196,2023-03-17 20:00:00,1.066314915254237,-0.002170648712578771
197,2023-03-17 19:00:00,1.0672713333333337,0.0008969377295717784
198,2023-03-17 18:00:00,1.0673031666666666,2.9826841908553448e-05
199,2023-03-17 17:00:00,1.0669701666666667,-0.0003120013229604979
200,2023-03-17 16:00:00,1.0667627272727274,-0.00019441911350470686
