poll_timestamp,ask_slippage,bid_slippage,bid_volume0_1,bid_volume0_2,bid_volume0_3,bid_volume0_4,bid_volume0_5,bid_volume0_6,bid_volume0_7,bid_volume0_8,bid_volume0_9,bid_volume1,bid_volume1_5,bid_volume2,bid_volume4,bid_volume6,bid_volume8,bid_volume10,ask_volume0_1,ask_volume0_2,ask_volume0_3,ask_volume0_4,ask_volume0_5,ask_volume0_6,ask_volume0_7,ask_volume0_8,ask_volume0_9,ask_volume1,ask_volume1_5,ask_volume2,ask_volume4,ask_volume6,ask_volume8,ask_volume10,mid_price,spread,pair,exchange
2023-03-19T22:48:00.000000Z,1.8255,0.4757,56.93316,102.17913999999999,151.75147999999996,190.40117999999998,275.37805000000003,317.61733000000004,329.0864,367.45707000000004,413.09651,426.57466,574.2854300000001,574.2854300000001,574.2854300000001,574.2854300000001,574.2854300000001,574.2854300000001,33.91714000000001,84.85190999999998,174.35368999999997,278.20468999999986,365.1431799999999,411.7133699999999,523.6133799999999,599.9485899999999,647.5166899999999,687.14726,820.3846200000002,820.3846200000002,820.3846200000002,820.3846200000002,820.3846200000002,820.3846200000002,28102.645,1.03,btc-usdt,binc
2023-03-19T22:47:00.000000Z,1.061,1.1794,50.32865666666664,90.17713666666668,122.01446333333335,149.64968666666667,204.18519,243.50587333333328,272.92622666666665,297.28613,332.10530666666665,357.38649666666674,488.6332500000005,488.6332500000005,488.6332500000005,488.6332500000005,488.6332500000005,488.6332500000005,38.58981333333332,99.25324999999998,166.70330333333334,270.4853000000001,349.77233333333356,447.4766933333337,531.696326666667,611.4245600000005,651.8587300000005,718.5861833333338,850.7646566666673,850.7646566666673,850.7646566666673,850.7646566666673,850.7646566666673,850.7646566666673,28100.825,1.9233,btc-usdt,binc
2023-03-19T22:46:00.000000Z,1.632,1.1531,44.41505999999998,85.19998999999999,116.93071999999998,149.99688499999996,171.71037999999993,242.91089499999993,267.24166999999994,299.33224499999994,319.705195,363.26660000000004,478.91990500000026,478.91990500000026,478.91990500000026,478.91990500000026,478.91990500000026,478.91990500000026,56.99163500000002,149.27065,257.18852499999997,322.5947850000001,431.28507000000025,505.1373850000003,612.3436350000004,650.1264800000005,708.7343100000005,791.7660750000005,888.1157650000005,888.1157650000005,888.1157650000005,888.1157650000005,888.1157650000005,888.1157650000005,28122.315,2.46,btc-usdt,binc
2023-03-19T22:45:00.000000Z,1.0409,1.2177,53.505549999999985,99.742705,134.558065,157.61419999999998,190.61581999999999,219.524645,267.07678,291.56085,318.99376000000007,350.8105800000001,481.2093150000005,484.0423150000005,484.0423150000005,484.0423150000005,484.0423150000005,484.0423150000005,58.208314999999985,141.79023499999994,257.5513699999999,349.8369349999999,441.85230500000006,532.2493800000001,596.1668500000003,638.1646100000003,697.8020350000003,778.3516050000003,868.5773300000003,868.5773300000003,868.5773300000003,868.5773300000003,868.5773300000003,868.5773300000003,28130.6875,1.305,btc-usdt,binc
2023-03-19T22:44:00.000000Z,1.0219,1.0561,57.95086333333334,96.3450166666667,129.48623333333333,165.03330333333335,215.29308000000006,248.00266333333335,278.7414933333334,291.5394633333334,328.68400000000014,365.3764533333335,490.50709666666717,490.7698600000005,490.7698600000005,490.7698600000005,490.7698600000005,490.7698600000005,40.60358666666668,123.22528666666658,217.25359333333316,288.6200566666666,389.1062166666668,482.2702500000002,562.287916666667,610.2858066666669,656.2475600000002,738.2468633333336,835.334386666667,835.334386666667,835.334386666667,835.334386666667,835.334386666667,835.334386666667,28128.68,0.8067,btc-usdt,binc
2023-03-19T22:43:00.000000Z,1.1657,0.9884,57.63479999999997,98.20356499999995,127.31885499999996,164.45910499999997,216.09647,262.31513500000005,274.3714800000001,303.2099550000001,326.5515400000001,365.95404500000006,500.83848500000033,500.83848500000033,500.83848500000033,500.83848500000033,500.83848500000033,500.83848500000033,36.582454999999996,76.75598499999998,149.39482000000004,232.82343500000007,385.02840000000015,459.89173000000017,529.3054200000003,551.6529300000002,610.7448050000003,659.1803500000003,812.1825200000004,812.1825200000004,812.1825200000004,812.1825200000004,812.1825200000004,812.1825200000004,28113.9325,1.625,btc-usdt,binc
2023-03-19T22:42:00.000000Z,1.3998,1.4688,52.379826666666645,87.77795333333331,110.89929333333332,133.19752666666665,161.28273,184.79018666666664,217.36922333333334,235.09510333333333,265.19357333333335,305.66808666666674,435.8231200000004,438.76367000000033,438.76367000000033,438.76367000000033,438.76367000000033,438.76367000000033,51.136193333333324,128.04135999999994,207.21642666666662,306.1345666666668,400.6220933333336,491.65399666666696,528.9341033333336,576.0636933333336,639.0321833333337,708.7554866666669,802.7693366666671,802.7693366666671,802.7693366666671,802.7693366666671,802.7693366666671,802.7693366666671,28134.5267,3.2333,btc-usdt,binc
2023-03-19T22:41:00.000000Z,1.2924,1.8962,26.826235,58.34161499999999,79.43417499999998,98.43955499999998,118.39073999999998,157.005805,176.53309,196.83355,210.871265,256.17018,424.28493500000036,434.13171000000034,434.13171000000034,434.13171000000034,434.13171000000034,434.13171000000034,56.893964999999945,126.55394499999991,219.48864999999998,297.5138750000001,401.18490500000024,474.3411150000003,531.1766300000003,558.8352450000002,629.2880200000002,691.9053750000003,790.3131250000004,790.3131250000004,790.3131250000004,790.3131250000004,790.3131250000004,790.3131250000004,28136.885,2.38,btc-usdt,binc
2023-03-19T22:40:00.000000Z,1.0589,1.2042,47.448719999999994,79.24815,120.05693500000001,146.90364000000005,187.09198500000005,204.63180500000004,230.52608000000006,282.7408750000001,298.6311750000001,336.16725500000007,486.91716500000064,486.91716500000064,486.91716500000064,486.91716500000064,486.91716500000064,486.91716500000064,68.03946499999995,122.16960999999998,187.47520999999998,251.47202,326.471425,412.20956,462.715325,562.88975,608.6214250000002,643.9806400000002,741.5461650000002,741.5461650000002,741.5461650000002,741.5461650000002,741.5461650000002,741.5461650000002,28066.9325,1.245,btc-usdt,binc
2023-03-19T22:39:00.000000Z,1.02,1.1142,46.34019333333334,82.55428333333334,119.48151333333334,154.22969000000003,168.45331666666672,196.50241000000005,216.20089000000007,265.00065333333333,289.82846,325.4362866666667,470.578946666667,470.578946666667,470.578946666667,470.578946666667,470.578946666667,470.578946666667,67.20149333333337,132.00452333333337,191.13439333333338,239.41742333333335,366.9664133333334,419.2359133333334,480.3825466666667,525.61566,617.1081866666669,657.5059266666668,734.8728033333335,734.8728033333335,734.8728033333335,734.8728033333335,734.8728033333335,734.8728033333335,28054.2517,1.2167,btc-usdt,binc
2023-03-19T22:38:00.000000Z,0.7677,1.2101,46.441560000000045,78.96538000000002,116.70399500000002,145.14403000000001,160.301645,184.04711500000002,202.68121500000004,253.85691500000001,272.77866000000006,314.55986500000006,453.63415500000036,453.63415500000036,453.63415500000036,453.63415500000036,453.63415500000036,453.63415500000036,62.119664999999976,134.12316499999997,234.85307,268.059435,374.77046000000007,426.31136500000014,481.86936500000013,555.8650900000001,624.8632050000002,650.1136950000002,741.0065200000004,741.0065200000004,741.0065200000004,741.0065200000004,741.0065200000004,741.0065200000004,28057.4275,1.615,btc-usdt,binc
2023-03-19T22:37:00.000000Z,1.1993,1.5691,37.10544000000003,84.03158000000005,115.44921500000007,154.30386500000006,169.13250000000005,197.68696000000008,235.3596200000001,265.9813000000001,301.945325,323.58755500000007,465.21045000000026,465.21045000000026,465.21045000000026,465.21045000000026,465.21045000000026,465.21045000000026,70.97073499999999,139.288365,237.53944500000006,291.12474,386.44635500000004,442.781765,477.52287,523.87114,625.87988,673.573595,756.9759799999999,756.9759799999999,756.9759799999999,756.9759799999999,756.9759799999999,756.9759799999999,28047.995,1.24,btc-usdt,binc
2023-03-19T22:36:00.000000Z,1.2376,1.1259,36.83711666666666,69.62714666666665,110.43635666666665,134.87776666666664,176.2190933333333,201.83722666666668,254.24634,270.86734,308.76548,343.40180000000004,465.22162000000026,465.22162000000026,465.22162000000026,465.22162000000026,465.22162000000026,465.22162000000026,103.96056333333343,174.2424633333334,235.2267066666668,313.85375333333343,353.7337200000001,450.31915333333353,507.6002833333335,559.3102600000002,635.0528133333336,701.2368000000002,786.7218600000002,786.7218600000002,786.7218600000002,786.7218600000002,786.7218600000002,786.7218600000002,28032.1383,1.1367,btc-usdt,binc
2023-03-19T22:35:00.000000Z,0.9007,1.1909,54.01610500000002,90.87102500000003,136.99125500000002,185.0439,224.95022999999998,278.24825,295.80273,333.466145,351.27631999999994,393.3018699999999,494.9499649999999,494.9499649999999,494.9499649999999,494.9499649999999,494.9499649999999,494.9499649999999,135.1144,234.6752650000001,289.93887500000017,367.7075800000001,409.4521450000001,486.97616500000015,566.9564650000001,605.104855,657.7197050000001,729.8430600000002,877.5364950000003,877.5364950000003,877.5364950000003,877.5364950000003,877.5364950000003,877.5364950000003,28007.5425,1.145,btc-usdt,binc
2023-03-19T22:34:00.000000Z,1.1026,0.8555,53.42374,105.38856333333335,151.9450566666667,209.42952333333332,236.86641666666665,287.35756,310.41347,339.91744,375.7489233333334,400.1028066666667,499.5028366666667,499.5028366666667,499.5028366666667,499.5028366666667,499.5028366666667,499.5028366666667,47.47833333333333,121.06965666666669,183.59869000000003,260.03423000000004,315.55356333333333,353.5245300000001,431.5834466666667,513.4425633333334,562.14599,606.6344466666667,787.6783933333336,787.6783933333336,787.6783933333336,787.6783933333336,787.6783933333336,787.6783933333336,27998.0183,0.6833,btc-usdt,binc
2023-03-19T22:33:00.000000Z,1.2256,1.2503,43.26993499999999,89.806145,134.378605,188.91616,225.152245,278.26371000000006,293.73829,327.52694500000007,361.8890600000001,390.8364500000001,492.81234000000006,492.81234000000006,492.81234000000006,492.81234000000006,492.81234000000006,492.81234000000006,39.517345000000034,128.29318500000016,189.4576850000002,254.9115750000002,320.4417750000002,364.5266300000002,439.6418950000002,509.8632500000001,560.8351250000001,634.1381900000001,777.6744150000002,777.6744150000002,777.6744150000002,777.6744150000002,777.6744150000002,777.6744150000002,28007.8775,0.665,btc-usdt,binc
2023-03-19T22:32:00.000000Z,1.4469,1.0449,43.985725,90.85191,142.09642,183.148435,202.11177500000002,253.66339000000005,279.93560500000007,307.80798000000004,339.2743650000001,368.7083050000001,467.9084150000001,467.9084150000001,467.9084150000001,467.9084150000001,467.9084150000001,467.9084150000001,35.235650000000014,92.25046500000005,140.95451000000008,202.82978000000008,239.04345000000012,290.32519000000013,358.08165500000007,443.5699850000001,489.17049500000013,547.4742900000001,725.3391300000004,725.3391300000004,725.3391300000004,725.3391300000004,725.3391300000004,725.3391300000004,27999.0625,1.005,btc-usdt,binc
2023-03-19T22:31:00.000000Z,1.0717,1.0339,45.89276000000001,82.73230666666667,142.46844000000002,184.4746466666667,215.34549333333334,270.6092866666667,283.5879066666667,316.33158666666674,348.19096333333346,381.97649666666683,482.7488766666668,482.7488766666668,482.7488766666668,482.7488766666668,482.7488766666668,482.7488766666668,41.2103,111.01808000000004,155.78542666666672,218.49309333333346,281.7420800000001,325.9859566666668,411.1639500000001,470.4041200000001,521.4073366666667,595.50574,736.8816333333335,736.8816333333335,736.8816333333335,736.8816333333335,736.8816333333335,736.8816333333335,28007.8983,1.2167,btc-usdt,binc
2023-03-19T22:30:00.000000Z,1.0195,1.0037,42.901274999999984,80.38369999999998,136.16089,172.80629000000002,208.645015,245.98304000000002,280.10821000000004,314.93522500000006,334.09022000000004,376.47040000000004,480.3969900000001,480.3969900000001,480.3969900000001,480.3969900000001,480.3969900000001,480.3969900000001,52.074495000000006,120.04003500000005,167.6202700000001,218.4809850000001,279.3392950000001,326.7650400000001,436.0742600000001,468.5494900000001,521.355235,620.9462400000001,735.4659900000001,735.4659900000001,735.4659900000001,735.4659900000001,735.4659900000001,735.4659900000001,28014.055,1.1,btc-usdt,binc
2023-03-19T22:29:00.000000Z,1.0524,1.0599,43.06852666666666,72.97948666666666,120.01629333333331,141.8430333333333,210.31367,227.94761666666662,280.71576666666664,307.7304666666666,333.27249,376.1807866666666,484.18118333333337,484.18118333333337,484.18118333333337,484.18118333333337,484.18118333333337,484.18118333333337,63.07095333333333,128.07310333333334,191.46095333333332,271.8016633333334,312.0300833333334,404.45594000000006,460.76091333333346,491.2609033333334,540.1648833333335,666.4148366666667,751.3359933333335,751.3359933333335,751.3359933333335,751.3359933333335,751.3359933333335,751.3359933333335,28022.4967,1.1133,btc-usdt,binc
2023-03-19T22:28:00.000000Z,0.968,1.1973,42.381203333333346,81.68579333333334,126.15015000000001,201.66397000000006,222.8546733333334,275.1535233333334,292.7672800000001,324.47558000000004,354.9915233333334,388.5493800000001,491.96585333333337,491.96585333333337,491.96585333333337,491.96585333333337,491.96585333333337,491.96585333333337,41.48535666666666,103.69538333333334,157.82201000000003,238.45188666666664,302.22101999999995,344.8181066666666,448.17155999999994,493.48534666666666,537.4767099999999,600.6949966666666,765.8655166666667,765.8655166666667,765.8655166666667,765.8655166666667,765.8655166666667,765.8655166666667,28004.095,0.8967,btc-usdt,binc
2023-03-19T22:27:00.000000Z,1.0572,1.3389,40.60753,100.03560499999998,151.40982499999996,216.5631649999999,234.63387999999992,286.30337999999995,320.87159499999996,340.4626549999999,385.79592499999995,401.47228999999993,500.1598849999999,500.1598849999999,500.1598849999999,500.1598849999999,500.1598849999999,500.1598849999999,36.34408999999999,86.002605,152.51279999999997,273.3756399999999,342.2511649999999,377.76004499999993,469.7934099999999,527.4309199999999,559.3028099999999,604.6413749999999,808.0309700000005,808.0309700000005,808.0309700000005,808.0309700000005,808.0309700000005,808.0309700000005,27993.265,1.45,btc-usdt,binc
2023-03-19T22:26:00.000000Z,1.1844,1.079,41.00268000000002,89.25798000000003,140.63334500000005,177.88604500000005,237.26235000000008,281.02173500000015,304.94018500000016,333.3983700000001,364.30627500000014,394.92819000000014,494.4822700000001,494.4822700000001,494.4822700000001,494.4822700000001,494.4822700000001,494.4822700000001,39.979195,94.33989000000003,148.22934000000004,227.55724500000002,297.37692000000004,350.3832300000001,431.86634500000014,500.6434800000002,549.6781550000003,608.0071200000002,780.2827350000005,780.2827350000005,780.2827350000005,780.2827350000005,780.2827350000005,780.2827350000005,27993.6575,0.115,btc-usdt,binc
2023-03-19T22:25:00.000000Z,1.0282,1.2234,47.489430000000034,110.05470000000003,155.22942500000002,198.90993500000005,244.54988000000003,287.9720000000001,312.6364500000001,336.5989300000001,381.4827400000001,398.01111500000013,498.53284500000007,498.53284500000007,498.53284500000007,498.53284500000007,498.53284500000007,498.53284500000007,43.277209999999975,94.42232499999997,155.87996999999993,272.2010899999999,337.2844199999999,374.1529599999999,464.3103249999999,523.186485,569.28413,598.4420399999999,799.4133450000005,799.4133450000005,799.4133450000005,799.4133450000005,799.4133450000005,799.4133450000005,27994.7975,1.355,btc-usdt,binc
2023-03-19T22:24:00.000000Z,1.029,1.2407,68.32010666666663,119.98718999999998,167.06742333333332,207.90169,238.85141,260.8879933333333,282.7276366666667,318.6768233333334,343.4353300000001,393.71907333333337,450.69368000000003,450.69368000000003,450.69368000000003,450.69368000000003,450.69368000000003,450.69368000000003,40.39943000000002,65.85089,90.85371000000004,122.77069666666671,194.32358666666673,283.8473966666667,323.31935000000004,409.0080000000001,474.3918200000001,520.5810766666667,733.0507100000005,733.0507100000005,733.0507100000005,733.0507100000005,733.0507100000005,733.0507100000005,27969.565,1.2233,btc-usdt,binc
2023-03-19T22:23:00.000000Z,0.7907,1.7924,64.45224499999998,120.16080499999998,177.30618999999996,201.265405,241.87794,276.932235,298.82302500000003,318.80893000000003,351.07979,378.98632,478.2545999999999,478.2545999999999,478.2545999999999,478.2545999999999,478.2545999999999,478.2545999999999,34.47974500000001,67.23186500000003,102.90942000000001,171.39022500000004,242.00546000000003,332.93489,390.62245,472.68153000000007,514.12804,570.1976649999999,756.3346450000004,756.3346450000004,756.3346450000004,756.3346450000004,756.3346450000004,756.3346450000004,27997.27,1.63,btc-usdt,binc
2023-03-19T22:22:00.000000Z,1.3453,0.9655,52.886330000000044,101.75395500000006,177.55655000000007,210.14772500000007,232.24542000000008,265.0067500000001,310.6472700000001,333.29290500000013,353.5274650000001,383.5807050000002,502.91583500000024,502.91583500000024,502.91583500000024,502.91583500000024,502.91583500000024,502.91583500000024,59.635805000000005,95.48019500000001,177.27544,258.15351,336.45608000000004,400.90054499999997,483.54518500000006,519.1699050000001,577.6577050000001,676.890065,777.1685950000002,777.1685950000002,777.1685950000002,777.1685950000002,777.1685950000002,777.1685950000002,28028.11,1.19,btc-usdt,binc
2023-03-19T22:21:00.000000Z,0.9316,1.2567,48.25883999999999,94.87056000000003,153.24750666666668,191.47662666666668,218.42163333333335,244.10881000000003,298.8851566666667,313.7784200000001,343.12557000000015,357.6395200000001,494.75847333333377,494.75847333333377,494.75847333333377,494.75847333333377,494.75847333333377,494.75847333333377,44.71644333333334,85.25367333333334,184.68824000000004,257.53587666666664,342.92456666666675,412.3230733333333,481.9295600000001,524.9410533333333,600.6950966666667,672.6328266666668,768.4946900000001,768.4946900000001,768.4946900000001,768.4946900000001,768.4946900000001,768.4946900000001,28036.1,0.7667,btc-usdt,binc
2023-03-19T22:20:00.000000Z,1.2905,1.0021,57.85201500000001,94.99754500000003,157.45126500000003,193.16488000000004,226.90078500000004,251.1409050000001,305.0504100000001,319.5505000000001,349.2791050000001,363.0816650000001,499.9889750000004,499.9889750000004,499.9889750000004,499.9889750000004,499.9889750000004,499.9889750000004,46.83420500000002,82.36091500000002,177.01357000000002,255.90836499999995,345.88626500000004,403.33368,481.60761,519.61932,594.3222349999999,663.63813,766.9205200000001,766.9205200000001,766.9205200000001,766.9205200000001,766.9205200000001,766.9205200000001,28037.4875,1.115,btc-usdt,binc
2023-03-19T22:19:00.000000Z,0.7615,1.6146,41.25063333333333,100.18138333333336,153.14415333333338,196.45815000000005,225.25408666666672,254.4459333333334,299.67843333333343,321.4118366666667,353.8551666666667,376.1390833333334,504.97899333333345,504.97899333333345,504.97899333333345,504.97899333333345,504.97899333333345,504.97899333333345,56.54766,121.04465999999998,212.90455666666665,292.6708,372.07676666666663,434.81202666666667,503.3840433333333,545.2203699999999,640.47043,694.8687866666666,791.9247133333334,791.9247133333334,791.9247133333334,791.9247133333334,791.9247133333334,791.9247133333334,28039.765,0.89,btc-usdt,binc
2023-03-19T22:18:00.000000Z,1.3799,0.9585,59.380835,105.96136999999999,187.06439500000002,232.17350500000003,250.77725000000004,284.30105000000003,320.38362500000005,336.4508350000001,366.6441850000001,410.7162600000001,517.1122,517.1122,517.1122,517.1122,517.1122,517.1122,38.583645,78.25545999999997,171.8035449999999,228.4281699999999,314.66900999999996,384.03927,487.043405,536.7389900000001,614.6454900000001,684.3679250000001,782.5664600000002,782.5664600000002,782.5664600000002,782.5664600000002,782.5664600000002,782.5664600000002,28028.3175,0.775,btc-usdt,binc
2023-03-19T22:17:00.000000Z,1.0955,0.9282,60.53272000000004,132.16613000000007,188.61716500000009,223.3718100000001,244.77453000000008,262.1014750000001,289.0341000000001,327.4993800000001,351.7699450000001,369.8534000000002,516.4238800000005,516.4238800000005,516.4238800000005,516.4238800000005,516.4238800000005,516.4238800000005,42.51290500000002,136.62657500000003,205.36402500000008,281.47360500000013,391.34639000000004,455.76318000000015,533.3588350000002,589.3080900000002,693.1519850000002,718.1008450000003,806.9959700000004,806.9959700000004,806.9959700000004,806.9959700000004,806.9959700000004,806.9959700000004,28053.74,1.63,btc-usdt,binc
2023-03-19T22:16:00.000000Z,1.1903,1.1837,47.69667333333331,98.45676999999993,146.16178666666661,197.72638999999995,229.5995233333333,244.46899999999997,265.04909,298.66507,327.9977966666666,379.48145999999997,512.1686933333335,512.7956800000002,512.7956800000002,512.7956800000002,512.7956800000002,512.7956800000002,97.82196666666668,166.81360000000006,241.78367000000003,365.02779666666675,421.62453000000005,497.74140333333344,535.3011533333334,646.1021133333335,688.1091733333334,736.6471733333334,846.2271366666668,846.2271366666668,846.2271366666668,846.2271366666668,846.2271366666668,846.2271366666668,28075.2267,1.1,btc-usdt,binc
2023-03-19T22:15:00.000000Z,1.0961,1.1869,41.18554,84.3894,112.50980499999999,154.91398999999996,194.159765,222.33868,251.87586,282.82792000000006,316.49900500000007,352.69378000000006,513.0457150000008,521.1263700000007,521.1263700000007,521.1263700000007,521.1263700000007,521.1263700000007,87.989935,174.84009500000002,262.437065,319.2803200000001,407.59276500000004,460.991055,537.91319,614.21417,676.101575,699.814425,796.9953700000001,796.9953700000001,796.9953700000001,796.9953700000001,796.9953700000001,796.9953700000001,28076.4875,2.375,btc-usdt,binc
2023-03-19T22:14:00.000000Z,1.316,1.0584,40.28318333333335,86.64373333333337,128.12334000000004,164.57583000000005,195.9916066666667,215.04190000000008,252.71439333333342,290.34670333333344,338.8856066666668,362.2832033333334,513.4828066666673,514.3015066666673,514.3015066666673,514.3015066666673,514.3015066666673,514.3015066666673,51.10149000000004,145.55083000000008,190.2421933333334,259.2747100000001,360.0113966666667,425.63732666666675,484.29538666666673,532.8341466666667,646.0011933333334,672.1386033333334,756.3036433333336,756.3036433333336,756.3036433333336,756.3036433333336,756.3036433333336,756.3036433333336,28055.305,1.3767,btc-usdt,binc
2023-03-19T22:13:00.000000Z,1.3017,1.2435,45.56457500000002,87.80606000000003,122.05718500000002,152.56430000000003,180.28943500000003,198.49891500000004,239.16566500000002,264.154315,282.567185,338.254645,492.1135000000006,492.1135000000006,492.1135000000006,492.1135000000006,492.1135000000006,492.1135000000006,59.85514500000001,151.50504500000005,189.79202000000006,241.83992500000008,367.83242500000006,414.40020500000014,501.43239500000016,574.3843650000001,648.8880050000002,674.1683800000003,792.4147800000003,792.4147800000003,792.4147800000003,792.4147800000003,792.4147800000003,792.4147800000003,28059.5375,1.225,btc-usdt,binc
2023-03-19T22:12:00.000000Z,0.9459,1.0883,56.129850000000005,101.15315500000003,155.67053500000003,173.26098500000003,201.18780500000003,229.62606500000004,266.79852500000004,303.6643650000001,339.43487500000003,376.7876600000001,520.7651650000005,527.4980450000005,527.4980450000005,527.4980450000005,527.4980450000005,527.4980450000005,79.41520000000001,133.71501000000004,194.89998500000007,262.3501550000001,354.505725,420.072805,475.2972000000001,549.0726250000002,626.7592350000002,689.4531700000002,796.1149850000002,796.1149850000002,796.1149850000002,796.1149850000002,796.1149850000002,796.1149850000002,28058.0925,1.625,btc-usdt,binc
2023-03-19T22:11:00.000000Z,1.4002,0.9151,48.07848333333332,86.34451999999999,125.67177333333332,137.68955,156.50760666666665,182.22802666666666,205.7161133333333,236.12074666666672,268.5289700000001,312.31446666666676,471.27029000000067,481.41397000000075,481.41397000000075,481.41397000000075,481.41397000000075,481.41397000000075,92.52602000000002,163.54749,211.22180000000003,280.22744,418.72524999999996,463.0932533333334,494.3488466666667,604.9912133333333,647.61384,691.9923866666668,810.0046566666666,810.0046566666666,810.0046566666666,810.0046566666666,810.0046566666666,810.0046566666666,28073.06,1.3533,btc-usdt,binc
2023-03-19T22:10:00.000000Z,1.4971,0.8633,54.898575,87.305005,117.224405,132.024745,154.87761,180.32597000000004,203.78864000000004,249.3563000000001,290.44073000000014,329.71057500000006,478.8674950000009,485.2251000000009,485.2251000000009,485.2251000000009,485.2251000000009,485.2251000000009,103.40457499999994,185.04414999999997,244.217445,312.311025,384.1636,448.3219949999999,482.0859249999999,538.2721349999999,642.9094499999999,678.7094899999998,774.8430949999997,774.8430949999997,774.8430949999997,774.8430949999997,774.8430949999997,774.8430949999997,28061.4325,2.525,btc-usdt,binc
2023-03-19T22:09:00.000000Z,1.2915,1.0032,51.12803333333337,90.72605333333335,128.53756666666666,160.86992333333333,176.09061000000005,203.22322666666673,244.53184666666672,260.3092633333334,326.9797166666668,354.31848666666673,492.2978933333338,492.2978933333338,492.2978933333338,492.2978933333338,492.2978933333338,492.2978933333338,53.380379999999995,131.13429666666664,228.19564,309.7191833333334,353.68057333333337,442.2544166666667,505.82286000000005,544.9937333333334,619.3793366666667,688.6173400000001,782.4613666666669,782.4613666666669,782.4613666666669,782.4613666666669,782.4613666666669,782.4613666666669,28033.3933,1.6867,btc-usdt,binc
2023-03-19T22:08:00.000000Z,1.2385,0.9125,52.39035500000003,80.88685000000004,118.19060500000005,127.20879000000005,142.61842000000007,169.63138500000008,209.6590650000001,252.86520500000012,288.1338350000001,321.8634900000002,451.9454750000004,451.9454750000004,451.9454750000004,451.9454750000004,451.9454750000004,451.9454750000004,62.79847500000001,120.72789500000002,228.323895,277.22736000000003,326.40138,390.9703850000001,473.617475,510.896435,568.4632200000001,668.5795350000001,763.6375250000001,763.6375250000001,763.6375250000001,763.6375250000001,763.6375250000001,763.6375250000001,28027.695,1.96,btc-usdt,binc
2023-03-19T22:07:00.000000Z,1.2493,1.1932,51.96429499999999,79.97702000000001,116.297365,125.337595,150.84201000000002,178.79792500000002,213.41643000000005,277.8958600000001,289.5503950000001,342.3169200000001,454.8707850000001,454.8707850000001,454.8707850000001,454.8707850000001,454.8707850000001,454.8707850000001,50.88804,91.235245,202.20957499999997,262.04611500000004,329.9868000000001,376.8368900000001,475.714,503.09811,542.92272,672.1959300000001,766.7863000000001,766.7863000000001,766.7863000000001,766.7863000000001,766.7863000000001,766.7863000000001,28023.3925,1.235,btc-usdt,binc
2023-03-19T22:06:00.000000Z,1.3648,1.1345,51.066233333333344,94.77216666666668,118.09732666666669,141.15016000000003,187.1697366666667,210.31614000000002,233.3565266666667,276.82745000000006,332.59367333333336,357.0978333333334,462.07751333333334,462.07751333333334,462.07751333333334,462.07751333333334,462.07751333333334,462.07751333333334,40.682300000000005,91.3297066666667,162.38426666666672,228.77805666666677,285.96629333333345,371.3886966666668,425.9347900000002,509.9227300000002,563.3523466666669,637.3158100000002,776.427356666667,776.427356666667,776.427356666667,776.427356666667,776.427356666667,776.427356666667,28011.7717,1.4433,btc-usdt,binc
2023-03-19T22:05:00.000000Z,1.1729,1.4699,51.19116500000001,84.44485,114.99695000000003,126.97958000000003,146.76743000000002,172.34882500000003,201.86352500000004,220.60871000000003,291.54742,306.14933499999995,452.75700500000056,452.7633900000005,452.7633900000005,452.7633900000005,452.7633900000005,452.7633900000005,40.84985000000001,115.53031,199.588415,282.24819999999994,343.97698999999994,426.69216499999993,487.27105499999993,522.6567499999999,597.2428899999999,666.3295749999999,758.2134899999999,758.2134899999999,758.2134899999999,758.2134899999999,758.2134899999999,758.2134899999999,28037.84,1.35,btc-usdt,binc
2023-03-19T22:04:00.000000Z,1.6559,1.5137,32.71024666666665,61.093859999999985,90.42211666666662,100.22049666666663,112.72102,135.79932666666664,166.85519,241.64480666666668,251.48627000000002,304.1442500000001,424.3462033333337,451.523616666667,451.523616666667,451.523616666667,451.523616666667,451.523616666667,44.840920000000004,82.14274999999996,241.40866333333338,271.60715000000005,309.4034633333334,357.98844666666673,429.72208666666666,457.79313333333334,494.5434,623.45743,718.7897633333336,718.7897633333336,718.7897633333336,718.7897633333336,718.7897633333336,718.7897633333336,28023.6267,1.7333,btc-usdt,binc
2023-03-19T22:03:00.000000Z,1.3717,1.732,50.68207999999997,73.76325499999999,108.19709,133.413755,190.82350500000004,220.57909500000002,290.659965,314.31362,379.10390499999994,399.045035,515.8387000000001,515.8387000000001,515.8387000000001,515.8387000000001,515.8387000000001,515.8387000000001,52.13294499999998,92.14898500000001,131.25348500000004,207.52463500000005,274.75271000000004,353.91123000000005,375.98741000000007,419.9304450000001,465.6470350000001,508.32864000000006,689.5433550000006,689.5433550000006,689.5433550000006,689.5433550000006,689.5433550000006,689.5433550000006,27958.72,1.5,btc-usdt,binc
2023-03-19T22:02:00.000000Z,1.2181,1.4822,44.257656666666655,88.90685333333333,127.60150666666668,193.91123666666667,229.53276666666667,267.02147333333335,304.9646466666666,344.55941666666666,363.28551666666664,386.03688333333326,461.1193599999999,461.1193599999999,461.1193599999999,461.1193599999999,461.1193599999999,461.1193599999999,42.470733333333335,76.75204666666669,107.76096333333335,145.09407333333337,193.5169466666667,216.60673000000006,305.65382000000005,342.0760433333333,372.3438866666667,425.8349266666667,678.7161833333338,678.7161833333338,678.7161833333338,678.7161833333338,678.7161833333338,678.7161833333338,27906.2017,2.6233,btc-usdt,binc
2023-03-19T22:01:00.000000Z,1.3915,1.8826,55.81833500000002,98.27218000000003,145.98433500000004,197.14089500000006,244.52242500000003,275.57625500000006,304.32246000000004,355.83196,371.283515,397.85622,465.938845,465.938845,465.938845,465.938845,465.938845,465.938845,33.456100000000006,69.63329,97.03680000000003,132.38455000000005,153.62227500000006,183.46226000000007,289.0681400000001,306.8188700000001,369.5091000000001,435.1698800000001,678.7683500000007,678.7683500000007,678.7683500000007,678.7683500000007,678.7683500000007,678.7683500000007,27915.93,2.18,btc-usdt,binc
2023-03-19T22:00:00.000000Z,2.4632,1.254,23.63664999999999,77.50336500000003,122.13731000000004,152.85696000000007,195.8628500000001,232.0527150000001,259.8834000000001,288.8482350000001,337.5930350000001,353.35034500000006,451.5028950000002,451.5028950000002,451.5028950000002,451.5028950000002,451.5028950000002,451.5028950000002,23.586405000000006,51.29793500000002,80.75335000000004,109.81706000000003,152.31088500000004,226.99650000000003,285.384055,328.518415,409.63318999999996,457.3241499999999,685.4212250000006,685.4212250000006,685.4212250000006,685.4212250000006,685.4212250000006,685.4212250000006,27941.115,1.83,btc-usdt,binc
2023-03-19T21:59:00.000000Z,1.363,1.3276,70.5872566666667,104.82705333333337,157.4296433333334,189.86538666666672,226.72570000000007,246.31670666666673,314.49230666666676,347.5479600000001,373.37042,426.28154,483.7029166666666,483.7029166666666,483.7029166666666,483.7029166666666,483.7029166666666,483.7029166666666,61.145559999999996,96.26379000000001,134.78341333333336,187.79126333333338,314.0065566666667,334.56476333333336,392.9791533333334,453.7552633333334,505.0913100000001,542.75747,786.2751500000008,786.2751500000008,786.2751500000008,786.2751500000008,786.2751500000008,786.2751500000008,27972.21,1.46,btc-usdt,binc
2023-03-19T21:58:00.000000Z,1.3982,1.1361,51.08997999999998,111.99297,167.855325,207.86005500000005,238.92116000000004,275.38681,348.19313,360.75392999999997,406.06540500000006,422.642125,523.88193,523.88193,523.88193,523.88193,523.88193,523.88193,62.92027000000002,93.11671000000004,129.15725500000002,260.3371750000001,346.6199550000001,379.58095500000013,466.22977000000003,512.181455,549.9085850000001,586.22036,816.0144400000008,816.0144400000008,816.0144400000008,816.0144400000008,816.0144400000008,816.0144400000008,27988.69,1.25,btc-usdt,binc
2023-03-19T21:57:00.000000Z,1.5042,0.9856,42.05967499999999,83.68988999999999,124.12111,150.82002,173.19503500000002,205.04060500000003,260.21019,276.42912500000006,334.22809500000005,363.42365000000007,475.3448800000001,475.3448800000001,475.3448800000001,475.3448800000001,475.3448800000001,475.3448800000001,42.075610000000026,94.05991000000004,169.482935,254.61062,296.49322500000005,356.37138500000003,426.00276,472.6966550000001,522.070025,574.918885,744.7466750000006,744.7466750000006,744.7466750000006,744.7466750000006,744.7466750000006,744.7466750000006,28013.34,2.17,btc-usdt,binc
2023-03-19T21:56:00.000000Z,1.1271,1.4621,33.251486666666665,86.24664666666668,134.57833333333335,167.44559666666672,191.17901000000006,231.81326000000004,290.0703466666667,341.9174666666667,365.95932333333343,400.36662,509.15695000000005,509.15695000000005,509.15695000000005,509.15695000000005,509.15695000000005,509.15695000000005,72.47727333333339,116.02249666666673,211.48118000000002,299.6016966666668,330.0059866666668,388.29114666666675,450.14715666666683,492.13849333333354,531.1907633333335,592.4784933333335,774.7028966666672,774.7028966666672,774.7028966666672,774.7028966666672,774.7028966666672,774.7028966666672,28003.5383,0.9967,btc-usdt,binc
2023-03-19T21:55:00.000000Z,1.3068,1.2292,38.304565000000025,106.14433500000001,167.65662500000002,201.79422500000004,226.18639000000002,275.35181500000004,345.91006000000004,354.376615,401.55485,418.483115,513.6662,513.6662,513.6662,513.6662,513.6662,513.6662,74.14578000000003,111.57426000000005,143.2982800000001,252.0776550000001,325.24791000000005,358.86353500000007,438.43320000000006,489.957485,524.8212500000001,560.4949349999999,787.5013150000008,787.5013150000008,787.5013150000008,787.5013150000008,787.5013150000008,787.5013150000008,27984.9925,0.705,btc-usdt,binc
2023-03-19T21:54:00.000000Z,1.1295,1.1871,62.26076333333333,96.77700999999998,162.45688999999996,184.42869333333329,221.37151333333335,269.18414333333334,317.04455333333334,339.94587666666666,374.9813933333333,424.21227666666664,484.93765666666656,484.93765666666656,484.93765666666656,484.93765666666656,484.93765666666656,484.93765666666656,60.795303333333344,100.79857333333335,127.67389000000003,208.15809000000004,304.5022033333334,334.6660933333334,401.7018133333334,461.1579800000001,505.23476333333343,545.4934766666667,786.0798933333341,786.0798933333341,786.0798933333341,786.0798933333341,786.0798933333341,786.0798933333341,27973.1817,1.23,btc-usdt,binc
2023-03-19T21:53:00.000000Z,1.1539,0.9511,58.13853999999999,106.30457999999997,145.83304,175.49323000000004,217.72532500000003,289.31978000000004,298.61422500000003,340.52942500000006,360.83909000000006,406.13677999999993,463.1130549999999,463.1130549999999,463.1130549999999,463.1130549999999,463.1130549999999,463.1130549999999,43.18608999999999,117.982785,146.30050500000002,168.110275,259.646405,343.27591,401.75885500000004,481.70921000000004,538.032385,571.99153,821.276280000001,821.276280000001,821.276280000001,821.276280000001,821.276280000001,821.276280000001,27959.19,1.6,btc-usdt,binc
2023-03-19T21:52:00.000000Z,1.4043,0.6834,62.79766500000001,108.28179000000002,164.14494000000002,207.82703000000004,240.90234000000004,275.61642000000006,351.59058000000005,376.98171,409.30291000000005,457.98656000000005,516.3397,516.3397,516.3397,516.3397,516.3397,516.3397,40.81931999999998,95.29414500000001,136.41333000000006,192.01059500000008,274.77091500000006,367.3104500000002,441.0272050000002,504.7257700000001,561.0807200000002,603.6885050000001,837.120615000001,837.120615000001,837.120615000001,837.120615000001,837.120615000001,837.120615000001,27975.185,1.95,btc-usdt,binc
2023-03-19T21:51:00.000000Z,1.6306,1.4212,33.87207666666665,78.67455333333331,125.75923666666664,155.79598,187.76171,207.5633766666667,244.11287333333334,274.2150366666667,324.41656666666677,350.68514666666675,451.9778433333334,451.9778433333334,451.9778433333334,451.9778433333334,451.9778433333334,451.9778433333334,42.705700000000014,83.31338666666669,132.05401000000003,201.23025666666675,268.44571333333346,340.9956800000001,406.2456866666668,475.41806000000014,529.083406666667,588.7613600000002,767.1413566666673,767.1413566666673,767.1413566666673,767.1413566666673,767.1413566666673,767.1413566666673,28005.44,2.0333,btc-usdt,binc
2023-03-19T21:50:00.000000Z,1.8951,0.9411,54.12345000000003,112.12577000000003,166.63768000000005,199.96812500000007,232.0197250000001,258.0076150000001,279.3757150000001,321.55514500000015,374.42131500000016,400.64556500000015,504.5570600000002,504.5570600000002,504.5570600000002,504.5570600000002,504.5570600000002,504.5570600000002,32.12133500000003,85.28120500000003,163.09844500000005,239.41038000000012,307.0657500000002,367.9493300000002,426.7111400000002,499.6645000000003,579.5423450000003,650.9571350000003,829.4656900000006,829.4656900000006,829.4656900000006,829.4656900000006,829.4656900000006,829.4656900000006,28015.925,1.86,btc-usdt,binc
2023-03-19T21:49:00.000000Z,1.4981,0.9715,48.02812000000002,104.96954000000005,152.10264666666671,203.08985000000004,233.30737666666667,267.47192,293.91420000000005,315.20007666666675,386.9917933333334,394.6165566666668,527.4232066666669,527.4232066666669,527.4232066666669,527.4232066666669,527.4232066666669,527.4232066666669,69.63503666666668,142.29442666666668,203.43088666666674,277.15627,370.12010333333336,424.21003999999994,495.44628666666677,531.9425033333334,625.5692233333334,682.8611100000002,853.8914500000001,853.8914500000001,853.8914500000001,853.8914500000001,853.8914500000001,853.8914500000001,28046.6117,0.85,btc-usdt,binc
2023-03-19T21:48:00.000000Z,1.088,1.1856,42.41973500000003,93.01389000000003,158.93203500000007,212.69273500000008,242.38094500000008,277.95122500000014,308.0153500000001,326.73349000000013,373.9723050000001,410.37864000000013,539.0437850000003,539.0437850000003,539.0437850000003,539.0437850000003,539.0437850000003,539.0437850000003,79.06490999999998,170.05619499999995,224.78849,275.380625,383.7784,424.985905,502.5153500000001,557.7356350000002,626.9184100000002,675.3458150000002,841.8806600000004,841.8806600000004,841.8806600000004,841.8806600000004,841.8806600000004,841.8806600000004,28054.065,1.39,btc-usdt,binc
2023-03-19T21:47:00.000000Z,1.3448,1.2314,40.85462333333334,85.00597333333333,130.09068333333335,185.1180166666667,227.4451566666667,256.70647666666673,283.9923466666667,320.4294566666668,356.1817433333334,403.4229533333334,534.0722633333336,534.0722633333336,534.0722633333336,534.0722633333336,534.0722633333336,534.0722633333336,50.07039000000001,141.95960000000005,216.5802133333334,264.98912333333345,415.97516000000013,456.46754000000016,508.0255800000002,567.4835566666669,655.2285700000002,689.3350266666667,840.1547700000004,840.1547700000004,840.1547700000004,840.1547700000004,840.1547700000004,840.1547700000004,28059.465,0.9833,btc-usdt,binc
2023-03-19T21:46:00.000000Z,0.9024,1.0485,40.06614000000002,87.99625,131.190135,187.639075,219.198375,251.73306000000002,281.67851500000006,312.07371000000006,385.6253750000001,392.80114000000003,534.7328750000001,534.7328750000001,534.7328750000001,534.7328750000001,534.7328750000001,534.7328750000001,44.46205500000001,132.048995,206.08693500000004,274.50952500000005,366.80163000000005,442.0321849999999,473.75873,510.973825,610.98737,653.657275,812.2411050000003,812.2411050000003,812.2411050000003,812.2411050000003,812.2411050000003,812.2411050000003,28048.2075,1.095,btc-usdt,binc
2023-03-19T21:45:00.000000Z,1.0135,1.0874,56.492983333333335,99.05233000000003,158.63801000000004,203.8788566666667,231.3439166666667,256.74947333333336,296.2800433333334,311.4590933333334,381.3832666666667,410.5736733333335,522.0057900000003,522.0057900000003,522.0057900000003,522.0057900000003,522.0057900000003,522.0057900000003,43.470206666666684,77.10313000000002,164.35931000000005,233.2010466666667,303.5573500000001,381.0431233333334,461.62510333333347,503.16007333333346,588.7437233333335,646.7575333333335,793.5657100000003,793.5657100000003,793.5657100000003,793.5657100000003,793.5657100000003,793.5657100000003,28032.765,0.95,btc-usdt,binc
2023-03-19T21:44:00.000000Z,1.0928,1.1862,66.05246000000002,112.85360500000003,160.93454000000003,209.46031500000004,235.105265,270.4823200000001,308.734455,323.50985000000003,395.69596500000006,403.48261,536.3683850000002,536.3683850000002,536.3683850000002,536.3683850000002,536.3683850000002,536.3683850000002,48.01525500000001,128.49329999999998,168.66462500000003,226.03180000000006,299.6554950000001,427.1889549999999,462.04616,499.14004499999993,584.3911,648.346915,802.5633000000001,802.5633000000001,802.5633000000001,802.5633000000001,802.5633000000001,802.5633000000001,28043.665,1.44,btc-usdt,binc
2023-03-19T21:43:00.000000Z,1.5177,1.1705,39.064099999999996,87.83565500000003,135.87078000000002,190.01365500000003,221.86162000000002,251.82896000000005,288.4037800000001,314.9915950000001,361.05875000000015,396.8662500000001,532.7872000000002,532.7872000000002,532.7872000000002,532.7872000000002,532.7872000000002,532.7872000000002,38.72101000000001,128.42592,170.27363000000003,222.98606500000005,340.4764900000001,428.5321450000001,468.9037250000001,528.9668700000001,603.5287300000001,647.8940900000001,801.6747250000003,801.6747250000003,801.6747250000003,801.6747250000003,801.6747250000003,801.6747250000003,28052.775,1.24,btc-usdt,binc
2023-03-19T21:42:00.000000Z,1.7986,1.0851,32.24369333333335,61.77938666666669,100.45501333333335,140.7775166666667,187.0823966666667,211.40886000000003,243.0295933333334,279.32595000000003,312.5928266666667,361.2167166666668,496.0806833333336,501.0742233333337,501.0742233333337,501.0742233333337,501.0742233333337,501.0742233333337,46.015993333333334,111.33964000000005,154.87100666666674,212.0524866666668,330.4331600000001,401.91743333333346,441.88678333333354,510.9031133333335,581.5591100000001,628.1673300000001,775.9069233333336,775.9069233333336,775.9069233333336,775.9069233333336,775.9069233333336,775.9069233333336,28059.1733,1.84,btc-usdt,binc
2023-03-19T21:41:00.000000Z,1.3159,1.9743,27.81783,58.493849999999995,109.24332000000001,149.84629500000003,176.94101500000005,217.28310500000006,250.95639000000006,288.00260500000013,367.6644900000001,391.8634300000001,515.1183900000003,515.1183900000003,515.1183900000003,515.1183900000003,515.1183900000003,515.1183900000003,34.84582500000002,91.76498000000001,164.18355000000008,238.37354000000008,275.1510300000001,357.55499000000003,407.0871750000001,449.7739250000001,557.5215700000001,598.3679500000001,761.0304550000003,761.0304550000003,761.0304550000003,761.0304550000003,761.0304550000003,761.0304550000003,28040.12,1.07,btc-usdt,binc
2023-03-19T21:40:00.000000Z,1.7349,1.2679,32.41577,69.797935,138.88299,162.807475,203.66335000000004,234.19783000000004,271.49027000000007,355.03365500000007,364.9266850000001,407.7620800000001,508.7201000000001,508.7201000000001,508.7201000000001,508.7201000000001,508.7201000000001,508.7201000000001,41.81408000000001,67.98088500000001,112.20303500000003,189.60471,245.13520500000004,315.95527500000003,363.45184000000006,421.948255,461.29423499999996,567.1125400000001,737.7765750000002,737.7765750000002,737.7765750000002,737.7765750000002,737.7765750000002,737.7765750000002,28016.495,2.66,btc-usdt,binc
2023-03-19T21:39:00.000000Z,1.2411,1.3238,35.56518333333333,59.48918,111.39488000000001,161.01278666666667,187.65705000000003,221.07537666666667,258.7321533333334,305.61542000000003,365.35236000000003,384.4997366666667,511.9976266666669,511.9976266666669,511.9976266666669,511.9976266666669,511.9976266666669,511.9976266666669,39.23082999999998,108.72903666666666,153.60321999999996,214.1945966666667,277.20450000000005,333.7500866666667,404.5503366666667,445.86994000000004,523.86189,595.4619533333334,753.9459133333336,753.9459133333336,753.9459133333336,753.9459133333336,753.9459133333336,753.9459133333336,28040.2283,2.0367,btc-usdt,binc
2023-03-19T21:38:00.000000Z,1.3033,1.7473,32.33449,85.41426000000001,128.28027500000002,153.07578500000002,172.11237000000006,214.19198500000005,228.60150500000006,305.02534000000014,314.3794550000001,357.35810500000014,461.17630500000007,461.17630500000007,461.17630500000007,461.17630500000007,461.17630500000007,461.17630500000007,35.40186000000001,65.325235,99.8001,152.20015000000004,199.88077000000004,265.67395,330.52937499999996,405.6314500000001,448.55861000000004,530.6005200000001,698.2741100000003,698.2741100000003,698.2741100000003,698.2741100000003,698.2741100000003,698.2741100000003,28009.24,2.79,btc-usdt,binc
2023-03-19T21:37:00.000000Z,1.2668,1.2536,24.070264999999992,65.58158,103.37734000000003,137.27621000000002,151.17343500000004,178.28257000000002,189.45062000000004,255.88928000000004,263.77680000000004,306.47188000000006,407.82906499999996,407.82906499999996,407.82906499999996,407.82906499999996,407.82906499999996,407.82906499999996,29.977920000000005,60.091885000000005,79.209545,113.92772500000002,167.13727500000005,240.80091500000003,288.860175,365.9211250000001,402.37789,489.16806999999994,713.9303150000001,713.9303150000001,713.9303150000001,713.9303150000001,713.9303150000001,713.9303150000001,28011.55,1.59,btc-usdt,binc
2023-03-19T21:36:00.000000Z,1.5088,1.2994,48.325373333333346,97.27069666666671,158.17825333333337,195.04858333333337,222.10749666666675,235.70920666666674,264.95243333333343,300.68549333333345,325.50765000000007,362.11516666666677,468.92365333333345,468.92365333333345,468.92365333333345,468.92365333333345,468.92365333333345,468.92365333333345,30.448033333333345,63.39814000000001,110.65982666666669,162.6404366666667,241.39697333333336,336.11970333333335,402.1381166666667,483.85743333333335,547.8694033333334,632.4399533333334,857.0731466666666,857.0731466666666,857.0731466666666,857.0731466666666,857.0731466666666,857.0731466666666,28041.1567,1.4133,btc-usdt,binc
2023-03-19T21:35:00.000000Z,1.3475,1.4347,59.71628000000006,100.50860500000005,176.37302500000004,220.05407500000013,262.94131500000015,271.89178500000014,304.3039450000001,311.4978500000001,352.6398100000001,389.3509600000001,512.2915650000002,512.2915650000002,512.2915650000002,512.2915650000002,512.2915650000002,512.2915650000002,33.89900499999999,88.72724999999998,182.92008999999996,279.6572549999999,366.071155,420.26481500000006,503.0067,620.6502450000002,650.7216450000002,716.8974050000002,923.4810050000003,923.4810050000003,923.4810050000003,923.4810050000003,923.4810050000003,923.4810050000003,28082.825,1.85,btc-usdt,binc
2023-03-19T21:34:00.000000Z,1.3011,1.168,46.003420000000006,93.25382333333336,140.2626766666667,197.02004666666673,223.04479000000003,244.65642000000005,264.11735000000004,285.87315000000007,313.92634333333336,336.0689633333334,488.2174333333337,488.2174333333337,488.2174333333337,488.2174333333337,488.2174333333337,488.2174333333337,48.04725666666669,104.16266666666668,189.7355233333333,277.12921,345.8277233333333,387.9963666666667,530.8317133333334,583.00593,635.2882500000001,674.8530733333333,882.4855533333338,882.4855533333338,882.4855533333338,882.4855533333338,882.4855533333338,882.4855533333338,28096.7017,1.05,btc-usdt,binc
2023-03-19T21:33:00.000000Z,1.3076,1.6864,40.93796500000002,80.33927000000003,116.44012500000004,183.75589000000014,211.61802500000013,235.3397500000001,254.60203500000011,281.63356000000016,316.27359500000017,332.8650900000002,483.8445650000005,483.8445650000005,483.8445650000005,483.8445650000005,483.8445650000005,483.8445650000005,35.706175,74.09390499999999,135.922565,259.80781999999994,302.57494,366.053805,474.39512,542.021575,587.048995,634.93918,847.8949250000003,847.8949250000003,847.8949250000003,847.8949250000003,847.8949250000003,847.8949250000003,28094.9825,2.165,btc-usdt,binc
2023-03-19T21:32:00.000000Z,1.1232,1.2255,34.543380000000006,83.56969666666667,127.35195666666671,165.07115000000005,222.60025333333343,252.25813000000008,282.1156700000001,302.4713133333334,330.23987666666676,360.0793866666668,519.4350300000004,531.4311933333337,531.4311933333337,531.4311933333337,531.4311933333337,531.4311933333337,44.46927999999999,111.36833999999999,221.2488866666666,287.33411,363.01044666666667,480.6934366666667,532.53966,572.2930533333333,629.7558666666667,692.6764033333334,866.8399200000002,866.8399200000002,866.8399200000002,866.8399200000002,866.8399200000002,866.8399200000002,28121.9183,1.29,btc-usdt,binc
2023-03-19T21:31:00.000000Z,0.8751,1.3055,76.30843,112.43553999999999,165.464645,210.65175,252.82528,268.49327999999997,299.58002,307.4554,347.358115,364.902125,506.9400100000003,506.9400100000003,506.9400100000003,506.9400100000003,506.9400100000003,506.9400100000003,28.800789999999996,58.26749499999999,91.66042499999999,166.41238999999996,238.49865999999997,311.70448999999996,382.27365,484.06128500000005,512.9558250000001,579.7532050000001,801.1445750000005,801.1445750000005,801.1445750000005,801.1445750000005,801.1445750000005,801.1445750000005,28083.91,0.34,btc-usdt,binc
2023-03-19T21:30:00.000000Z,0.8684,1.2159,43.67682500000003,93.71192000000005,124.47690500000007,187.83260500000011,225.2874000000001,260.1636600000001,271.2114150000001,300.6116700000001,324.0801050000001,349.4167500000001,504.1128700000004,504.1128700000004,504.1128700000004,504.1128700000004,504.1128700000004,504.1128700000004,48.011080000000064,99.53467000000005,151.47125000000005,207.23378000000005,253.1628650000001,285.7569700000001,397.7814650000002,448.7764700000002,513.8573000000001,542.8487750000002,752.1817900000005,752.1817900000005,752.1817900000005,752.1817900000005,752.1817900000005,752.1817900000005,28103.4125,1.745,btc-usdt,binc
2023-03-19T21:29:00.000000Z,1.0762,1.2185,40.34236666666666,76.5381,112.71891333333333,159.76987000000003,207.44657000000004,245.26085333333336,258.9490933333334,285.0032466666667,304.35457,334.3411733333334,493.24323333333376,493.24323333333376,493.24323333333376,493.24323333333376,493.24323333333376,493.24323333333376,59.71314666666672,94.28122000000006,143.7244133333334,199.08738333333338,246.40245666666678,318.46194666666673,418.76196333333354,459.0025566666668,516.3090966666668,554.1724700000003,774.0582833333339,774.0582833333339,774.0582833333339,774.0582833333339,774.0582833333339,774.0582833333339,28104.9467,1.62,btc-usdt,binc
2023-03-19T21:28:00.000000Z,0.9601,1.4562,38.86106000000002,96.22421500000004,144.13460500000008,194.0101150000001,244.70036000000005,262.5528750000001,287.4362300000001,300.0848300000001,340.3055050000001,376.02737000000013,505.24720500000024,505.24720500000024,505.24720500000024,505.24720500000024,505.24720500000024,505.24720500000024,61.914575,105.28171500000002,135.28871500000002,197.71564,255.02143500000005,308.61728000000016,385.3649600000001,488.4093750000002,520.1229200000002,585.7971400000002,804.8840150000005,804.8840150000005,804.8840150000005,804.8840150000005,804.8840150000005,804.8840150000005,28085.4575,1.705,btc-usdt,binc
2023-03-19T21:27:00.000000Z,1.0699,1.7552,35.534545,79.29349000000003,116.02161000000004,194.7381100000001,236.12966000000006,262.08028500000006,281.68788500000005,302.8062250000001,324.9583950000001,352.1329650000001,507.1732100000003,507.1732100000003,507.1732100000003,507.1732100000003,507.1732100000003,507.1732100000003,78.20697500000003,107.26244000000004,142.58466000000004,207.0169000000001,271.8080400000001,317.66213500000015,426.5739100000003,472.68355500000035,521.4409900000004,572.7764500000004,787.3701950000009,787.3701950000009,787.3701950000009,787.3701950000009,787.3701950000009,787.3701950000009,28100.1675,1.245,btc-usdt,binc
2023-03-19T21:26:00.000000Z,0.8848,1.2927,45.653050000000015,87.25886333333337,120.53183000000003,170.27536000000006,206.28936000000007,244.54812666666672,260.0958566666667,287.39469666666673,298.53076333333337,330.7911666666667,489.2419566666669,489.2419566666669,489.2419566666669,489.2419566666669,489.2419566666669,489.2419566666669,142.68635333333336,170.4318466666667,209.41202000000007,268.21781666666675,313.51479666666677,388.4753833333334,507.51339333333357,532.7790100000001,644.5768300000002,762.1810100000002,989.3460300000006,989.3460300000006,989.3460300000006,989.3460300000006,989.3460300000006,989.3460300000006,28107.0433,1.0667,btc-usdt,binc
2023-03-19T21:25:00.000000Z,1.4893,1.2992,43.73099500000001,74.92097500000003,109.63316000000003,132.90608500000002,177.73484500000006,223.6204400000001,253.1642850000001,280.13015000000007,289.5121200000001,315.4225650000001,474.3221100000003,474.3221100000003,474.3221100000003,474.3221100000003,474.3221100000003,474.3221100000003,68.64643000000004,118.14701000000002,153.66575500000002,220.6731150000001,272.5143300000001,368.36614000000014,456.83937000000014,483.88606000000016,694.1580650000002,724.9702650000002,956.7958350000008,956.7958350000008,956.7958350000008,956.7958350000008,956.7958350000008,956.7958350000008,28114.025,0.79,btc-usdt,binc
2023-03-19T21:24:00.000000Z,1.1326,1.2515,43.47552999999999,79.00791,116.98826333333334,144.80560333333332,184.58018333333334,226.7608533333333,248.71436666666668,267.77379666666667,285.02602333333334,311.1644800000001,447.0509000000002,447.05854000000016,447.05854000000016,447.05854000000016,447.05854000000016,447.05854000000016,49.964613333333354,120.87731000000004,168.08893333333336,223.35112666666677,276.6046300000001,340.84098666666677,454.15634000000017,496.96773333333346,690.2056233333336,759.298926666667,953.6346200000007,953.6346200000007,953.6346200000007,953.6346200000007,953.6346200000007,953.6346200000007,28118.495,0.65,btc-usdt,binc
2023-03-19T21:23:00.000000Z,1.4691,1.1277,39.09221500000001,65.90841499999999,105.760945,127.74721500000001,164.38347000000005,212.98970500000004,241.42935000000006,256.2209650000001,280.48034000000007,300.99305000000004,441.61498500000033,449.65048000000036,449.65048000000036,449.65048000000036,449.65048000000036,449.65048000000036,90.056255,160.92223499999997,208.49242000000004,255.26780000000005,322.7244400000001,411.21212500000007,494.17122500000005,544.4515600000001,668.8669200000002,731.5564700000001,996.9736750000002,996.9736750000002,996.9736750000002,996.9736750000002,996.9736750000002,996.9736750000002,28140.5825,1.635,btc-usdt,binc
2023-03-19T21:22:00.000000Z,1.1384,1.3151,47.05376000000001,75.21335000000003,107.95114333333335,132.08398,182.98465666666667,207.13071333333335,244.08698000000004,252.50008000000003,277.0097600000001,287.75347000000005,439.74581333333373,445.9994566666671,445.9994566666671,445.9994566666671,445.9994566666671,445.9994566666671,47.817090000000015,87.87650333333333,151.35375666666667,201.01215333333334,255.2503233333334,377.69941000000017,406.7331633333335,474.04900333333353,532.3824133333336,598.3656666666669,980.065356666667,980.065356666667,980.065356666667,980.065356666667,980.065356666667,980.065356666667,28138.8617,1.6633,btc-usdt,binc
2023-03-19T21:21:00.000000Z,1.7947,2.1181,31.44196000000001,62.64143000000001,90.82066500000002,107.91326000000001,137.728935,164.00870500000002,185.09487000000004,207.00527000000005,225.5517600000001,241.5739650000001,391.8992600000003,418.5691850000003,418.5691850000003,418.5691850000003,418.5691850000003,418.5691850000003,37.84785000000001,63.63097500000002,141.50686000000005,194.20050500000002,276.985805,350.0150000000001,397.94397500000014,448.2605400000001,530.508735,591.38977,977.2732250000001,977.2732250000001,977.2732250000001,977.2732250000001,977.2732250000001,977.2732250000001,28150.1275,3.035,btc-usdt,binc
2023-03-19T21:20:00.000000Z,1.432,1.3066,41.28890000000001,63.65050500000001,84.54195000000001,99.95080000000003,127.34815000000003,170.51810500000005,193.59195000000005,228.89319000000003,237.02295500000005,262.31185500000004,405.61391000000015,423.11544500000014,423.11544500000014,423.11544500000014,423.11544500000014,423.11544500000014,29.90728000000002,93.26285000000003,147.92894500000006,215.88961000000003,322.26931000000013,351.30178500000017,416.9143750000002,496.0725150000002,558.5192000000002,615.0836200000001,975.6960099999999,975.6960099999999,975.6960099999999,975.6960099999999,975.6960099999999,975.6960099999999,28166.835,2.91,btc-usdt,binc
2023-03-19T21:19:00.000000Z,1.4477,1.2109,33.50145,60.130500000000005,92.05824,109.39938333333333,123.98222666666668,147.50832000000003,185.3230033333334,206.27778333333336,235.1337666666667,246.1474333333334,369.20354333333347,424.04695000000015,424.04695000000015,424.04695000000015,424.04695000000015,424.04695000000015,51.018093333333375,118.53032666666678,185.54768333333342,284.0052733333335,332.7041333333335,400.37057666666686,451.5148733333335,527.8053600000002,583.8148866666669,650.4507433333334,957.2371266666665,957.2371266666665,957.2371266666665,957.2371266666665,957.2371266666665,957.2371266666665,28193.59,0.4,btc-usdt,binc
2023-03-19T21:18:00.000000Z,1.5588,1.1683,45.678275,75.33543499999999,100.86522,126.50606499999998,149.83210999999997,181.16221999999996,211.39516999999998,227.16182499999996,245.82813,262.64192,407.11287000000016,422.97086500000023,422.97086500000023,422.97086500000023,422.97086500000023,422.97086500000023,39.44707000000001,90.91838,133.78829500000006,186.71732500000002,273.163255,350.4194,385.0144700000001,445.69594000000006,529.9579349999999,567.870235,954.8616649999999,954.8616649999999,954.8616649999999,954.8616649999999,954.8616649999999,954.8616649999999,28149.4525,1.775,btc-usdt,binc
2023-03-19T21:17:00.000000Z,1.221,1.2925,35.727884999999986,73.46719999999999,105.82735499999998,122.82321499999999,140.050235,160.303395,203.851765,235.772315,274.37128,290.30084,427.4683450000002,466.1996700000002,466.1996700000002,466.1996700000002,466.1996700000002,466.1996700000002,65.61040500000001,110.12400000000008,164.88815000000008,277.4471950000001,335.42460500000016,381.1961200000002,426.1390600000002,481.33836000000014,545.0742650000002,625.1842700000002,940.66626,940.66626,940.66626,940.66626,940.66626,940.66626,28179.11,2.15,btc-usdt,binc
2023-03-19T21:16:00.000000Z,1.3822,1.1616,40.91945000000001,73.11899000000001,101.28297333333335,121.68333,153.86302999999998,196.86216333333334,228.35273000000004,257.4663766666667,272.8595133333334,291.6077266666667,446.63071333333386,479.47442666666717,479.47442666666717,479.47442666666717,479.47442666666717,479.47442666666717,52.636950000000006,109.78610666666668,144.1370666666667,200.88066000000012,280.7299166666668,362.7360966666668,414.27775666666685,465.3281000000002,539.4146300000001,570.738036666667,892.7698700000004,892.7698700000004,892.7698700000004,892.7698700000004,892.7698700000004,892.7698700000004,28137.3417,1.93,btc-usdt,binc
2023-03-19T21:15:00.000000Z,1.8699,1.3554,29.660889999999995,68.26892000000001,97.63943000000005,128.70885500000009,159.2185100000001,195.0055700000001,207.74759000000012,219.9242700000001,244.71579500000013,251.44811500000014,418.19386500000115,418.19844500000113,418.19844500000113,418.19844500000113,418.19844500000113,418.19844500000113,28.018185000000003,80.20934500000001,101.98851,144.12611,184.26525500000002,230.25190499999997,323.362,414.29206,471.70864000000006,496.85938000000004,732.8048450000005,732.8048450000005,732.8048450000005,732.8048450000005,732.8048450000005,732.8048450000005,28099.9225,2.355,btc-usdt,binc
2023-03-19T21:14:00.000000Z,1.4967,1.3777,37.72803666666667,66.39581666666668,90.54638000000001,117.9127466666667,139.2495766666667,175.83449333333337,197.86354000000006,218.99995666666675,226.90859666666674,249.87897000000007,408.82183666666725,410.8852133333339,410.8852133333339,410.8852133333339,410.8852133333339,410.8852133333339,45.25639333333336,88.62373333333336,126.41486333333336,163.82103666666674,213.78265666666672,290.36955000000006,398.5415433333333,430.41981000000004,489.02168,531.7188933333333,737.569616666667,737.569616666667,737.569616666667,737.569616666667,737.569616666667,737.569616666667,28113.64,1.9467,btc-usdt,binc
2023-03-19T21:13:00.000000Z,1.8478,1.5505,25.28511000000001,53.080170000000024,93.22480500000005,125.77135000000006,152.32207500000004,169.17907500000007,191.10435500000006,216.70105000000007,223.72928000000007,275.2390250000001,396.3585500000001,396.3585500000001,396.3585500000001,396.3585500000001,396.3585500000001,396.3585500000001,31.828704999999996,67.06724,86.05377999999999,111.595705,149.72287,179.66251,223.16618499999996,305.00676,395.025665,453.19392000000005,693.2541450000004,693.2541450000004,693.2541450000004,693.2541450000004,693.2541450000004,693.2541450000004,28071.49,2.78,btc-usdt,binc
2023-03-19T21:12:00.000000Z,1.6604,1.2528,38.466080000000034,71.76546500000005,94.81844000000004,125.36870000000005,143.14082000000005,192.81432500000005,223.25415500000005,245.39666000000005,265.4182400000001,279.6151950000001,430.9162350000006,430.93980500000055,430.93980500000055,430.93980500000055,430.93980500000055,430.93980500000055,31.66014999999998,82.55785,114.480815,158.42866500000005,203.93008500000008,247.93341500000002,356.60174000000006,418.4782600000001,459.4299400000001,503.8505000000001,748.7374200000005,748.7374200000005,748.7374200000005,748.7374200000005,748.7374200000005,748.7374200000005,28102.86,1.71,btc-usdt,binc
2023-03-19T21:11:00.000000Z,1.7032,1.2825,48.255559999999996,70.72139999999999,97.86970333333333,119.76847666666667,152.37091999999998,184.12595,212.84984333333333,228.10713333333334,248.1094166666667,259.6023533333334,401.4025766666671,413.53913666666705,413.53913666666705,413.53913666666705,413.53913666666705,413.53913666666705,42.21160333333336,92.78290333333338,118.16806666666672,151.10690666666673,194.66151333333337,268.23618666666675,330.4057666666667,386.8170300000001,436.34860666666674,478.7529200000001,840.0312566666671,840.0312566666671,840.0312566666671,840.0312566666671,840.0312566666671,840.0312566666671,28115.1733,1.8333,btc-usdt,binc
2023-03-19T21:10:00.000000Z,1.3279,1.7664,47.96692500000002,81.89023500000002,100.20180000000002,116.35521500000002,146.57639,171.263305,195.02974500000002,214.65848500000004,235.97310000000004,242.23178500000006,371.71860000000044,395.24377000000044,395.24377000000044,395.24377000000044,395.24377000000044,395.24377000000044,26.451125000000005,57.075555,81.25460000000001,124.58452,175.70778,235.8555,280.79415500000005,352.57884,392.4657400000001,448.8828550000002,880.7671050000002,880.7671050000002,880.7671050000002,880.7671050000002,880.7671050000002,880.7671050000002,28121.9625,2.695,btc-usdt,binc
2023-03-19T21:09:00.000000Z,1.6747,1.5693,43.77852333333332,68.35016333333331,95.36829999999998,114.3432033333333,137.95381333333333,150.6263333333333,189.15367333333333,205.36877666666666,242.49930999999995,249.46119666666664,352.87403666666665,395.31514666666664,395.31514666666664,395.31514666666664,395.31514666666664,395.31514666666664,34.999656666666695,112.95763333333338,146.87489000000005,223.8681233333334,273.2032900000001,328.75034000000005,368.55557000000016,426.8370666666669,481.4270666666668,548.5721366666669,876.4459933333334,876.4459933333334,876.4459933333334,876.4459933333334,876.4459933333334,876.4459933333334,28180.0283,2.17,btc-usdt,binc
